instrument,raw_status,raw_rows,adjusted_status,adjusted_rows,retry_count,last_error_type
sh.600000,COMPLETE,1640,COMPLETE,1640,0,
sh.600004,COMPLETE,1640,COMPLETE,1640,0,
sh.600008,COMPLETE,1640,COMPLETE,1640,0,
sh.600009,COMPLETE,1640,COMPLETE,1640,0,
sh.600010,COMPLETE,1640,COMPLETE,1640,0,
sh.600011,COMPLETE,1640,COMPLETE,1640,0,
sh.600015,COMPLETE,1640,COMPLETE,1640,0,
sh.600016,COMPLETE,1640,COMPLETE,1640,0,
sh.600018,COMPLETE,1640,COMPLETE,1640,0,
sh.600019,COMPLETE,1640,COMPLETE,1640,0,
sh.600021,COMPLETE,1640,COMPLETE,1640,0,
sh.600023,COMPLETE,1640,COMPLETE,1640,0,
sh.600025,COMPLETE,1526,COMPLETE,1526,0,
sh.600027,COMPLETE,1640,COMPLETE,1640,0,
sh.600028,COMPLETE,1640,COMPLETE,1640,0,
sh.600029,COMPLETE,1640,COMPLETE,1640,0,
sh.600030,COMPLETE,1640,COMPLETE,1640,0,
sh.600031,COMPLETE,1640,COMPLETE,1640,0,
