symbol,date,open,high,low,close,volume,factor
SH600000,2024-01-02,6.6300,6.6500,6.6000,6.6000,22066700,0.8939760000000001
SH600000,2024-01-03,6.5900,6.6500,6.5900,6.6400,18203654,0.893976
SH600000,2024-01-04,6.6400,6.6700,6.5500,6.6200,28885978,0.893976
SH600000,2024-01-05,6.6000,6.7600,6.5900,6.6800,44421387,0.893976
SH600000,2024-01-08,6.6800,6.7100,6.5600,6.5900,37520337,0.893976
SH600000,2024-01-09,6.6000,6.6400,6.5400,6.6100,30741897,0.8939759999999999
SH600000,2024-01-10,6.6100,6.6300,6.5700,6.5700,22240946,0.893976
SH600000,2024-01-11,6.5600,6.5900,6.5200,6.5300,35914708,0.893976
SH600000,2024-01-12,6.5200,6.5600,6.5000,6.5000,34624053,0.8939760000000001
SH600000,2024-01-15,6.5000,6.5400,6.4700,6.5100,28694155,0.893976
SH600000,2024-01-16,6.4900,6.6000,6.4900,6.5900,53186496,0.893976
SH600000,2024-01-17,6.5800,6.6200,6.5200,6.5300,48249869,0.893976
SH600000,2024-01-18,6.5300,6.5800,6.3600,6.5600,73994422,0.893976
SH600000,2024-01-19,6.5200,6.6200,6.4700,6.5900,57640079,0.893976
SH600000,2024-01-22,6.5800,6.6700,6.5300,6.5900,67173480,0.893976
SH600000,2024-01-23,6.5800,6.6500,6.5000,6.6200,33298531,0.893976
SH600000,2024-01-24,6.6400,6.7300,6.6000,6.7100,53746498,0.893976
SH600000,2024-01-25,6.7300,6.8000,6.7000,6.7700,50256871,0.8939760000000001
SH600000,2024-01-26,6.7800,6.9100,6.7500,6.8700,70997933,0.893976
SH600000,2024-01-29,6.8600,6.9700,6.8500,6.9000,55269921,0.8939759999999999
SH600000,2024-01-30,6.9000,6.9500,6.8200,6.8300,40737046,0.893976
SH600000,2024-01-31,6.8100,6.8800,6.7400,6.8300,45661999,0.893976
SH600000,2024-02-01,6.8300,6.8800,6.7800,6.8000,44252421,0.893976
SH600000,2024-02-02,6.8200,6.9200,6.7200,6.8400,59482913,0.8939760000000001
SH600000,2024-02-05,6.8400,6.9200,6.7600,6.8900,82713695,0.8939760000000001
SH600000,2024-02-06,6.8900,7.0000,6.8600,7.0000,71683218,0.893976
SH600000,2024-02-07,7.0200,7.0300,6.8500,6.9400,83731296,0.893976
SH600000,2024-02-08,6.9500,6.9700,6.8200,6.9600,67164744,0.893976
SH600000,2024-02-19,6.9800,7.1300,6.9500,7.1200,57869788,0.8939759999999999
SH600000,2024-02-20,7.1300,7.1500,7.0600,7.1000,32408954,0.8939760000000001
SH600000,2024-02-21,7.1100,7.3200,7.0900,7.2400,58809554,0.8939759999999999
SH600000,2024-02-22,7.2400,7.2700,7.1800,7.2100,33665209,0.893976
SH600000,2024-02-23,7.2100,7.3300,7.2000,7.2800,37939600,0.893976
SH600000,2024-02-26,7.2600,7.2800,7.0900,7.1000,42483070,0.8939760000000001
SH600000,2024-02-27,7.0700,7.1500,7.0600,7.1400,24862246,0.893976
SH600000,2024-02-28,7.1200,7.1600,7.0800,7.1000,35826714,0.8939760000000001
SH600000,2024-02-29,7.1100,7.1700,7.0900,7.1500,34288217,0.893976
SH600000,2024-03-01,7.1300,7.1600,7.1000,7.1100,29431801,0.893976
SH600000,2024-03-04,7.1200,7.1200,7.0500,7.0700,27855963,0.8939759999999999
SH600000,2024-03-05,7.0500,7.1800,7.0400,7.1600,41756232,0.893976
SH600000,2024-03-06,7.1700,7.2200,7.1200,7.1200,25918749,0.8939759999999999
SH600000,2024-03-07,7.1200,7.2000,7.1100,7.1400,24690348,0.893976
SH600000,2024-03-08,7.1200,7.1700,7.1100,7.1200,19861794,0.8939759999999999
SH600000,2024-03-11,7.1300,7.1700,7.0600,7.1100,26195498,0.893976
SH600000,2024-03-12,7.1100,7.1500,7.0800,7.1000,29030476,0.8939760000000001
SH600000,2024-03-13,7.1200,7.1200,7.0300,7.0400,25948461,0.893976
SH600000,2024-03-14,7.0400,7.0900,7.0300,7.0400,18703556,0.893976
SH600000,2024-03-15,7.0400,7.0900,7.0300,7.0900,29599544,0.893976
SH600000,2024-03-18,7.0600,7.1300,7.0600,7.0900,26558472,0.893976
SH600000,2024-03-19,7.0800,7.0800,7.0100,7.0100,22848715,0.893976
SH600000,2024-03-20,7.0100,7.0600,6.9800,7.0300,19542993,0.893976
SH600000,2024-03-21,7.0600,7.1300,7.0300,7.1000,41924870,0.8939760000000001
SH600000,2024-03-22,7.0800,7.1200,6.9600,7.0400,35960453,0.893976
SH600000,2024-03-25,7.0600,7.0900,7.0100,7.0600,24439536,0.8939760000000001
SH600000,2024-03-26,7.0900,7.1500,7.0700,7.1500,35111522,0.893976
SH600000,2024-03-27,7.1400,7.2300,7.1100,7.1700,41943066,0.8939760000000001
SH600000,2024-03-28,7.1900,7.2000,7.1100,7.1700,34535966,0.8939760000000001
SH600000,2024-03-29,7.1300,7.1900,7.1100,7.1300,18138885,0.893976
SZ000001,2024-01-02,9.3900,9.4200,9.2100,9.2100,115836645,0.821514
SZ000001,2024-01-03,9.1900,9.2200,9.1500,9.2000,73361031,0.8215140000000001
SZ000001,2024-01-04,9.1900,9.1900,9.0800,9.1100,86419399,0.8215140000000001
SZ000001,2024-01-05,9.1000,9.4400,9.0700,9.2700,199162216,0.8215140000000001
SZ000001,2024-01-08,9.2300,9.3000,9.1100,9.1500,112115619,0.821514
SZ000001,2024-01-09,9.1600,9.1900,9.0900,9.1800,76619388,0.8215140000000001
SZ000001,2024-01-10,9.1600,9.1900,9.0900,9.0900,85862091,0.8215140000000001
SZ000001,2024-01-11,9.0800,9.2200,9.0300,9.1700,93468637,0.8215140000000001
SZ000001,2024-01-12,9.1300,9.2700,9.1100,9.1900,77258215,0.8215140000000001
SZ000001,2024-01-15,9.1600,9.2900,9.1300,9.2100,74513266,0.821514
SZ000001,2024-01-16,9.1900,9.3500,9.1600,9.3400,143831258,0.8215140000000001
SZ000001,2024-01-17,9.3300,9.3900,9.2300,9.2300,148229621,0.821514
SZ000001,2024-01-18,9.2100,9.2400,9.0000,9.2000,175513247,0.8215140000000001
SZ000001,2024-01-19,9.1600,9.2000,9.1000,9.1700,96398142,0.8215140000000001
SZ000001,2024-01-22,9.1600,9.2600,9.0400,9.1000,158031966,0.8215140000000001
SZ000001,2024-01-23,9.0500,9.1800,8.9600,9.1600,113554458,0.8215140000000001
SZ000001,2024-01-24,9.2300,9.3400,9.0700,9.3300,175912316,0.821514
SZ000001,2024-01-25,9.3300,9.5400,9.2700,9.5000,216251395,0.821514
SZ000001,2024-01-26,9.4700,9.6700,9.4400,9.6200,227228706,0.8215140000000001
SZ000001,2024-01-29,9.6900,9.8800,9.5800,9.7000,237625184,0.8215140000000001
SZ000001,2024-01-30,9.6100,9.7000,9.4900,9.5000,157912214,0.821514
SZ000001,2024-01-31,9.4600,9.5600,9.3800,9.4600,135721747,0.821514
SZ000001,2024-02-01,9.4100,9.4800,9.3400,9.4100,105525987,0.821514
SZ000001,2024-02-02,9.4200,9.4700,9.0700,9.2700,163421431,0.8215140000000001
SZ000001,2024-02-05,9.1900,9.4300,9.1100,9.3800,180359190,0.821514
SZ000001,2024-02-06,9.3000,9.6800,9.2900,9.6800,199540954,0.821514
SZ000001,2024-02-07,9.6200,9.6700,9.4800,9.6100,206201497,0.8215140000000001
SZ000001,2024-02-08,9.5800,9.6700,9.5200,9.6700,165681384,0.821514
SZ000001,2024-02-19,9.7600,9.8100,9.6500,9.8100,160524265,0.8215139999999999
SZ000001,2024-02-20,9.7900,9.8400,9.7300,9.8200,112356398,0.821514
SZ000001,2024-02-21,9.7800,10.8000,9.7700,10.8000,505528460,0.821514
SZ000001,2024-02-22,10.6500,10.9100,10.6200,10.9000,492232512,0.821514
SZ000001,2024-02-23,10.8800,11.2400,10.8400,10.8500,356747950,0.821514
SZ000001,2024-02-26,10.7800,10.8800,10.5000,10.5300,286260888,0.8215140000000001
SZ000001,2024-02-27,10.4900,10.6000,10.4600,10.5000,198190492,0.821514
SZ000001,2024-02-28,10.5100,10.7000,10.4000,10.4900,308269265,0.821514
SZ000001,2024-02-29,10.4200,10.5900,10.4100,10.5900,184534423,0.8215140000000001
SZ000001,2024-03-01,10.5900,10.6000,10.4300,10.4900,182810290,0.821514
SZ000001,2024-03-04,10.4500,10.5000,10.3200,10.3300,165592954,0.821514
SZ000001,2024-03-05,10.3000,10.4700,10.2600,10.4300,181731907,0.821514
SZ000001,2024-03-06,10.4000,10.4500,10.3300,10.3300,134564016,0.821514
SZ000001,2024-03-07,10.3300,10.6400,10.3300,10.3800,201616589,0.8215139999999999
SZ000001,2024-03-08,10.3500,10.4400,10.3000,10.3800,111397428,0.8215139999999999
SZ000001,2024-03-11,10.3800,10.4700,10.3400,10.4700,121067298,0.8215139999999999
SZ000001,2024-03-12,10.4800,10.5900,10.4100,10.5600,164126237,0.821514
SZ000001,2024-03-13,10.5300,10.5500,10.3000,10.3300,176803911,0.821514
SZ000001,2024-03-14,10.3000,10.3800,10.2000,10.2300,140939973,0.821514
SZ000001,2024-03-15,10.5500,10.7500,10.5000,10.6000,375020789,0.821514
SZ000001,2024-03-18,10.5600,10.6100,10.4900,10.5400,167139651,0.8215140000000001
SZ000001,2024-03-19,10.5300,10.5400,10.3900,10.4000,129321558,0.821514
SZ000001,2024-03-20,10.3800,10.4700,10.3700,10.4500,87266316,0.8215140000000001
SZ000001,2024-03-21,10.4500,10.5200,10.4200,10.4700,86446625,0.8215139999999999
SZ000001,2024-03-22,10.4500,10.4500,10.3100,10.3600,102814174,0.8215140000000001
SZ000001,2024-03-25,10.3500,10.4900,10.3200,10.4000,95320221,0.821514
SZ000001,2024-03-26,10.4500,10.6600,10.4200,10.6000,174002146,0.821514
SZ000001,2024-03-27,10.5600,10.6300,10.5100,10.5300,127413599,0.8215140000000001
SZ000001,2024-03-28,10.5100,10.5700,10.3800,10.4900,130218892,0.821514
SZ000001,2024-03-29,10.4500,10.5700,10.4300,10.5200,87275898,0.8215140000000001
