split,method,factor_a,factor_b,mean_correlation,observation_days
train,pearson,ROC20,ROC20,1.0,1702
train,pearson,ROC20,STD20,-0.026602671718423516,1702
train,pearson,ROC20,MA20,0.8390053065936978,1702
train,pearson,ROC20,VSTD20,-0.04142490348594512,1702
train,pearson,ROC20,CORR20,-0.2623494172905242,1702
train,pearson,STD20,ROC20,-0.026602671718423516,1702
train,pearson,STD20,STD20,1.0,1702
train,pearson,STD20,MA20,0.011176911356328362,1702
train,pearson,STD20,VSTD20,0.12118347314613477,1702
train,pearson,STD20,CORR20,-0.052968284747931624,1702
train,pearson,MA20,ROC20,0.8390053065936978,1702
train,pearson,MA20,STD20,0.011176911356328362,1702
train,pearson,MA20,MA20,1.0,1702
train,pearson,MA20,VSTD20,0.08165012173295687,1702
train,pearson,MA20,CORR20,-0.27741584485697107,1702
train,pearson,VSTD20,ROC20,-0.04142490348594512,1702
train,pearson,VSTD20,STD20,0.12118347314613477,1702
train,pearson,VSTD20,MA20,0.08165012173295687,1702
train,pearson,VSTD20,VSTD20,1.0,1702
train,pearson,VSTD20,CORR20,0.12019136783213996,1702
train,pearson,CORR20,ROC20,-0.2623494172905242,1702
train,pearson,CORR20,STD20,-0.052968284747931624,1702
train,pearson,CORR20,MA20,-0.27741584485697107,1702
train,pearson,CORR20,VSTD20,0.12019136783213996,1702
train,pearson,CORR20,CORR20,1.0,1702
train,spearman,ROC20,ROC20,1.0,1702
train,spearman,ROC20,STD20,-0.0034247051232208663,1702
train,spearman,ROC20,MA20,0.8203088828982049,1702
train,spearman,ROC20,VSTD20,-0.05266812514655863,1702
train,spearman,ROC20,CORR20,-0.2397844468626811,1702
train,spearman,STD20,ROC20,-0.0034247051232208663,1702
train,spearman,STD20,STD20,1.0,1702
train,spearman,STD20,MA20,0.04435395344336147,1702
train,spearman,STD20,VSTD20,0.1251180201599111,1702
train,spearman,STD20,CORR20,-0.00017460111267730838,1702
train,spearman,MA20,ROC20,0.8203088828982049,1702
train,spearman,MA20,STD20,0.04435395344336147,1702
train,spearman,MA20,MA20,1.0,1702
train,spearman,MA20,VSTD20,0.08148773984028368,1702
train,spearman,MA20,CORR20,-0.23751295510252343,1702
train,spearman,VSTD20,ROC20,-0.05266812514655863,1702
train,spearman,VSTD20,STD20,0.1251180201599111,1702
train,spearman,VSTD20,MA20,0.08148773984028368,1702
train,spearman,VSTD20,VSTD20,1.0,1702
train,spearman,VSTD20,CORR20,0.17434974306357315,1702
train,spearman,CORR20,ROC20,-0.2397844468626811,1702
train,spearman,CORR20,STD20,-0.00017460111267730838,1702
train,spearman,CORR20,MA20,-0.23751295510252343,1702
train,spearman,CORR20,VSTD20,0.17434974306357315,1702
train,spearman,CORR20,CORR20,1.0,1702
validation,pearson,ROC20,ROC20,1.0,488
validation,pearson,ROC20,STD20,-0.17042016231830728,488
validation,pearson,ROC20,MA20,0.8162753541296288,488
validation,pearson,ROC20,VSTD20,-0.017672598387123328,488
validation,pearson,ROC20,CORR20,-0.10175710815595504,488
validation,pearson,STD20,ROC20,-0.17042016231830728,488
validation,pearson,STD20,STD20,1.0,488
validation,pearson,STD20,MA20,-0.08723766312703524,488
validation,pearson,STD20,VSTD20,0.11815331972878697,488
validation,pearson,STD20,CORR20,0.08777340583669875,488
validation,pearson,MA20,ROC20,0.8162753541296288,488
validation,pearson,MA20,STD20,-0.08723766312703524,488
validation,pearson,MA20,MA20,1.0,488
validation,pearson,MA20,VSTD20,0.15700585796974176,488
validation,pearson,MA20,CORR20,-0.1515460126630372,488
validation,pearson,VSTD20,ROC20,-0.017672598387123328,488
validation,pearson,VSTD20,STD20,0.11815331972878697,488
validation,pearson,VSTD20,MA20,0.15700585796974176,488
validation,pearson,VSTD20,VSTD20,1.0,488
validation,pearson,VSTD20,CORR20,0.11495546714938586,488
validation,pearson,CORR20,ROC20,-0.10175710815595504,488
validation,pearson,CORR20,STD20,0.08777340583669875,488
validation,pearson,CORR20,MA20,-0.1515460126630372,488
validation,pearson,CORR20,VSTD20,0.11495546714938586,488
validation,pearson,CORR20,CORR20,1.0,488
validation,spearman,ROC20,ROC20,1.0,488
validation,spearman,ROC20,STD20,-0.11869653908355605,488
validation,spearman,ROC20,MA20,0.7936476675417702,488
validation,spearman,ROC20,VSTD20,-0.027175201459682004,488
validation,spearman,ROC20,CORR20,-0.09206992896196371,488
validation,spearman,STD20,ROC20,-0.11869653908355605,488
validation,spearman,STD20,STD20,1.0,488
validation,spearman,STD20,MA20,-0.033646361009822955,488
validation,spearman,STD20,VSTD20,0.10680631257100492,488
validation,spearman,STD20,CORR20,0.16138931298279544,488
validation,spearman,MA20,ROC20,0.7936476675417702,488
validation,spearman,MA20,STD20,-0.033646361009822955,488
validation,spearman,MA20,MA20,1.0,488
validation,spearman,MA20,VSTD20,0.178122129620745,488
validation,spearman,MA20,CORR20,-0.10766446999657077,488
validation,spearman,VSTD20,ROC20,-0.027175201459682004,488
validation,spearman,VSTD20,STD20,0.10680631257100492,488
validation,spearman,VSTD20,MA20,0.178122129620745,488
validation,spearman,VSTD20,VSTD20,1.0,488
validation,spearman,VSTD20,CORR20,0.1772164613410188,488
validation,spearman,CORR20,ROC20,-0.09206992896196371,488
validation,spearman,CORR20,STD20,0.16138931298279544,488
validation,spearman,CORR20,MA20,-0.10766446999657077,488
validation,spearman,CORR20,VSTD20,0.1772164613410188,488
validation,spearman,CORR20,CORR20,1.0,488
test,pearson,ROC20,ROC20,1.0,867
test,pearson,ROC20,STD20,-0.04680068146248934,867
test,pearson,ROC20,MA20,0.8452880010798777,867
test,pearson,ROC20,VSTD20,0.07740381554410516,867
test,pearson,ROC20,CORR20,-0.2886417868689582,867
test,pearson,STD20,ROC20,-0.04680068146248934,867
test,pearson,STD20,STD20,1.0,869
test,pearson,STD20,MA20,-0.002656676665657791,869
test,pearson,STD20,VSTD20,0.13945605885921714,869
test,pearson,STD20,CORR20,-0.028779187815441136,869
test,pearson,MA20,ROC20,0.8452880010798777,867
test,pearson,MA20,STD20,-0.002656676665657791,869
test,pearson,MA20,MA20,1.0,869
test,pearson,MA20,VSTD20,0.15773421195359358,869
test,pearson,MA20,CORR20,-0.2807393440008359,869
test,pearson,VSTD20,ROC20,0.07740381554410516,867
test,pearson,VSTD20,STD20,0.13945605885921714,869
test,pearson,VSTD20,MA20,0.15773421195359358,869
test,pearson,VSTD20,VSTD20,1.0,869
test,pearson,VSTD20,CORR20,0.15893969227756988,869
test,pearson,CORR20,ROC20,-0.2886417868689582,867
test,pearson,CORR20,STD20,-0.028779187815441136,869
test,pearson,CORR20,MA20,-0.2807393440008359,869
test,pearson,CORR20,VSTD20,0.15893969227756988,869
test,pearson,CORR20,CORR20,1.0,871
test,spearman,ROC20,ROC20,1.0,867
test,spearman,ROC20,STD20,-0.05596982388386703,867
test,spearman,ROC20,MA20,0.8223862825423595,867
test,spearman,ROC20,VSTD20,0.061471357933799625,867
test,spearman,ROC20,CORR20,-0.26628184682494166,867
test,spearman,STD20,ROC20,-0.05596982388386703,867
test,spearman,STD20,STD20,1.0,869
test,spearman,STD20,MA20,0.0017503948050293016,869
test,spearman,STD20,VSTD20,0.12924483606048454,869
test,spearman,STD20,CORR20,0.026016437596239148,869
test,spearman,MA20,ROC20,0.8223862825423595,867
test,spearman,MA20,STD20,0.0017503948050293016,869
test,spearman,MA20,MA20,1.0,869
test,spearman,MA20,VSTD20,0.1644024307130389,869
test,spearman,MA20,CORR20,-0.23053199210047487,869
test,spearman,VSTD20,ROC20,0.061471357933799625,867
test,spearman,VSTD20,STD20,0.12924483606048454,869
test,spearman,VSTD20,MA20,0.1644024307130389,869
test,spearman,VSTD20,VSTD20,1.0,869
test,spearman,VSTD20,CORR20,0.20032094793056118,869
test,spearman,CORR20,ROC20,-0.26628184682494166,867
test,spearman,CORR20,STD20,0.026016437596239148,869
test,spearman,CORR20,MA20,-0.23053199210047487,869
test,spearman,CORR20,VSTD20,0.20032094793056118,869
test,spearman,CORR20,CORR20,1.0,871
