split,factor,year,ic_mean,rank_ic_mean,observations
train,ROC20,2008,0.03178347511826404,0.0359237783333949,65493
train,ROC20,2009,0.018537835378581807,0.0395321216960038,67262
train,ROC20,2010,0.00567171426183271,0.021140803829600825,66396
train,ROC20,2011,0.005483150465192091,0.010843186345285426,65736
train,ROC20,2012,0.015973381825183722,0.020558387842477103,68486
train,ROC20,2013,0.010880767865251379,0.029161552254077305,68251
train,ROC20,2014,-0.0004577798889681776,0.019795192168002268,69489
train,STD20,2008,0.025389931263244212,0.013573451563960457,67196
train,STD20,2009,0.017076292463099777,0.0042776771985215106,68589
train,STD20,2010,0.027061446841236986,0.015198751859757985,67788
train,STD20,2011,-0.0063200449910484615,-0.01738865958867941,67449
train,STD20,2012,0.010506431167333071,0.00010513487081296698,69422
train,STD20,2013,0.0011946693676593402,-0.0195409345885056,69000
train,STD20,2014,0.012806974313262878,-0.019691825398506696,70668
train,MA20,2008,0.02960497244749768,0.037570939304141085,67228
train,MA20,2009,0.033546030476040684,0.05951146960609419,68604
train,MA20,2010,0.013942549320134856,0.03387782435497037,67800
train,MA20,2011,0.005644266407101294,0.015645544701774886,67462
train,MA20,2012,0.018798019237664727,0.029766456216303517,69427
train,MA20,2013,0.01934528910370855,0.04163215691217902,69019
train,MA20,2014,0.009261423308810275,0.034624789160792147,70699
train,VSTD20,2008,0.0018241862533528012,0.014388697296117308,67196
train,VSTD20,2009,0.013000031306335463,0.017605054125348966,68589
train,VSTD20,2010,0.00551693440387053,0.021868768484291323,67788
train,VSTD20,2011,-0.015714846377433495,0.003231479650723834,67449
train,VSTD20,2012,-0.0013475312934444104,0.005628595627865074,69422
train,VSTD20,2013,-0.001198060834683939,0.014559295210597158,69000
train,VSTD20,2014,-0.005104884068579887,0.001667455452889725,70668
train,CORR20,2008,-0.011569904696798632,-0.012390594071159734,68137
train,CORR20,2009,0.007294719780068332,0.005485624856746267,69437
train,CORR20,2010,-0.004930534501038577,-0.01058844977905501,68672
train,CORR20,2011,-0.019047262258928457,-0.024292829617731146,68516
train,CORR20,2012,-0.019993169786589486,-0.027631934345181876,70017
train,CORR20,2013,-0.01130107590031543,-0.018616153491340336,69132
train,CORR20,2014,0.002927703185155951,-0.005403277379286546,70808
validation,ROC20,2015,0.034520670165201,0.05701147275370467,64374
validation,ROC20,2016,0.028230841605151,0.047676281021108206,67839
validation,STD20,2015,0.017178224160683535,-0.004130157273085331,66632
validation,STD20,2016,0.004605351994628659,-0.01961487024997157,69151
validation,MA20,2015,0.03211516226541096,0.05895535464960024,66689
validation,MA20,2016,0.03219707765545353,0.052823631908439056,69188
validation,VSTD20,2015,-0.007480784510824453,-0.0050234647529632135,66632
validation,VSTD20,2016,-0.009937448723732879,0.008286123310275673,69151
validation,CORR20,2015,-0.0174615164256012,-0.015853885662184534,67066
validation,CORR20,2016,-0.0030553867057747353,-0.014653819093484535,69253
test,ROC20,2017,-0.004981518397834286,0.011573211868280323,67375
test,ROC20,2018,0.007548440595538697,0.014058147135613519,69105
test,ROC20,2019,0.0033272181630463254,0.023801422051754558,70710
test,ROC20,2020,-0.01398429539380131,0.008695433907652659,41848
test,STD20,2017,0.010961337332880287,-0.005791550007684635,68502
test,STD20,2018,0.014142887486870755,0.009515588499295295,69899
test,STD20,2019,0.003732238577104893,-0.01332727275949696,71558
test,STD20,2020,0.022731099061134064,0.002795299860401672,41895
test,MA20,2017,-0.004601041876667399,0.01809253364921071,68535
test,MA20,2018,0.004142827055543258,0.013995953771799137,69927
test,MA20,2019,0.00625539753454726,0.02611303400287548,71558
test,MA20,2020,-0.01311383875969987,0.0175862096054508,41896
test,VSTD20,2017,-0.0161535590600207,-0.0016484430719139241,68502
test,VSTD20,2018,-0.008162030895287187,-0.0036511922801201265,69899
test,VSTD20,2019,-0.012342032568546123,0.007679263373535757,71558
test,VSTD20,2020,-0.01524307617072685,-0.0027404882239733847,41895
test,CORR20,2017,-0.01607207004832877,-0.025730986140081787,68699
test,CORR20,2018,-0.01662658705313497,-0.023969747541078362,69991
test,CORR20,2019,-0.01716736099495229,-0.018034292610928048,71943
test,CORR20,2020,-0.01607598712582675,-0.023859645036607195,41905
