split,factor,horizon,horizon_days,forward_return_definition,ic_mean,ic_std,icir,rank_ic_mean,rank_ic_std,rank_icir,ic_observation_days,rank_ic_observation_days
train,ROC20,1D,1,"Ref($close, -2) / Ref($close, -1) - 1",0.013276909673072209,0.2022742854606258,0.06563814892653104,0.024996196132747037,0.2071822934372586,0.12064832239303636,1700,1700
train,ROC20,5D,5,"Ref($close, -6) / Ref($close, -1) - 1",0.02425477999312213,0.19025192414687134,0.12748769875461466,0.03171516870344976,0.19732039417136893,0.1607292993541547,1696,1696
train,ROC20,10D,10,"Ref($close, -11) / Ref($close, -1) - 1",0.022695798676945166,0.1792776731338979,0.12659579009592709,0.03237338562050287,0.19020043319720684,0.1702066871053703,1691,1691
train,ROC20,20D,20,"Ref($close, -21) / Ref($close, -1) - 1",0.030640983044652858,0.1775066611490418,0.17261877862107636,0.03851502735679854,0.1862435295541403,0.20679927753196045,1681,1681
train,STD20,1D,1,"Ref($close, -2) / Ref($close, -1) - 1",0.013313628844806774,0.1922399649859118,0.06925526045420605,-0.003066411978069154,0.20810905490094872,-0.014734639872006718,1700,1700
train,STD20,5D,5,"Ref($close, -6) / Ref($close, -1) - 1",0.015493218686528322,0.17965130274856606,0.08624050284907821,-0.0011543488685103538,0.19957200589739363,-0.00578412219348961,1696,1696
train,STD20,10D,10,"Ref($close, -11) / Ref($close, -1) - 1",0.01487626765499669,0.17123019094186362,0.08687876578989219,-0.001192407748924824,0.1944846172680088,-0.006131116001229192,1691,1691
train,STD20,20D,20,"Ref($close, -21) / Ref($close, -1) - 1",0.018093936882611152,0.17077484179700306,0.10595200494531323,0.004020168177313008,0.192296669050669,0.020906072877703973,1681,1681
train,MA20,1D,1,"Ref($close, -2) / Ref($close, -1) - 1",0.019393078822858723,0.20505210456927966,0.09457634616135581,0.03573213737295248,0.21124786533505732,0.16914792164303402,1700,1700
train,MA20,5D,5,"Ref($close, -6) / Ref($close, -1) - 1",0.027217912994864105,0.18950391587584603,0.14362717978184678,0.03510001508428937,0.19832247448569507,0.17698455596277426,1696,1696
train,MA20,10D,10,"Ref($close, -11) / Ref($close, -1) - 1",0.01567616692238861,0.17790622016368385,0.08811477703233561,0.023509174057057883,0.19108982182137954,0.12302682494012157,1691,1691
train,MA20,20D,20,"Ref($close, -21) / Ref($close, -1) - 1",0.02579512650455757,0.170743359540932,0.151075430247545,0.03406551784064251,0.18168931390796197,0.1874932383634792,1681,1681
train,VSTD20,1D,1,"Ref($close, -2) / Ref($close, -1) - 1",-0.0008419385730470792,0.10546268464101423,-0.007983284096294008,0.011048250607690432,0.11548464689215995,0.09566856638534241,1700,1700
train,VSTD20,5D,5,"Ref($close, -6) / Ref($close, -1) - 1",-0.006654382468978251,0.10369099515884964,-0.0641751239708333,0.0010413829224744417,0.11492230100620288,0.009061626101780136,1696,1696
train,VSTD20,10D,10,"Ref($close, -11) / Ref($close, -1) - 1",-0.009006058181425828,0.10202331236413657,-0.0882745126847269,-0.003731325306964856,0.11692671079186884,-0.031911658864728236,1691,1691
train,VSTD20,20D,20,"Ref($close, -21) / Ref($close, -1) - 1",-0.003807666355538721,0.09910548637151936,-0.03842033872135819,0.0005350040903453187,0.11445805227085636,0.004674237240026345,1681,1681
train,CORR20,1D,1,"Ref($close, -2) / Ref($close, -1) - 1",-0.008263554817780268,0.12994494312827368,-0.06359273873107162,-0.013255125738483114,0.1362188972644498,-0.0973075395901213,1700,1700
train,CORR20,5D,5,"Ref($close, -6) / Ref($close, -1) - 1",-0.023773424870084364,0.13629326522371468,-0.17442846373268814,-0.031152589367895247,0.14122372327653554,-0.22059034165877484,1696,1696
train,CORR20,10D,10,"Ref($close, -11) / Ref($close, -1) - 1",-0.03299975381080839,0.14114115342308714,-0.23380674601608054,-0.04096599196568899,0.14423320224064126,-0.28402608643008975,1691,1691
train,CORR20,20D,20,"Ref($close, -21) / Ref($close, -1) - 1",-0.047390943559389796,0.13138497241075406,-0.3607029227911211,-0.05539689161112313,0.13314638136576346,-0.4160600614367698,1681,1681
validation,ROC20,1D,1,"Ref($close, -2) / Ref($close, -1) - 1",0.030905001169544394,0.22261040022972772,0.1388299968808793,0.05210551038788052,0.22800597429282501,0.22852695219714775,486,486
validation,ROC20,5D,5,"Ref($close, -6) / Ref($close, -1) - 1",0.059274689625408924,0.21250531782755733,0.27893273557280496,0.07788800758362867,0.21653161391387632,0.35970732483713896,482,482
validation,ROC20,10D,10,"Ref($close, -11) / Ref($close, -1) - 1",0.08376374564190599,0.20563123378768328,0.4073493316117194,0.09548979983807848,0.21401838326308475,0.4461756900606826,477,477
validation,ROC20,20D,20,"Ref($close, -21) / Ref($close, -1) - 1",0.12566633454153706,0.20119053738734027,0.6246135438248722,0.12618973647867546,0.20966734570057108,0.6018568893359714,467,467
validation,STD20,1D,1,"Ref($close, -2) / Ref($close, -1) - 1",0.010816917199197475,0.2338880258964554,0.046248272684067344,-0.012356548290354765,0.25878840553642174,-0.0477476889458856,486,486
validation,STD20,5D,5,"Ref($close, -6) / Ref($close, -1) - 1",-0.006044870214486628,0.21584186982204584,-0.02800601301068423,-0.035694912765767486,0.24480725015027438,-0.14580823379967808,482,482
validation,STD20,10D,10,"Ref($close, -11) / Ref($close, -1) - 1",-0.014076519526634721,0.2040138046432143,-0.06899787762525275,-0.04418202417225241,0.23485392104502872,-0.1881255547093095,477,477
validation,STD20,20D,20,"Ref($close, -21) / Ref($close, -1) - 1",-0.031615978355565955,0.22389146567303891,-0.1412111813218308,-0.06550475616356465,0.2468455462084976,-0.26536738122160075,467,467
validation,MA20,1D,1,"Ref($close, -2) / Ref($close, -1) - 1",0.0313585167440323,0.2264174993010757,0.13849864449891183,0.05539068808159115,0.2310498855831347,0.23973475659506818,486,486
validation,MA20,5D,5,"Ref($close, -6) / Ref($close, -1) - 1",0.05546281080831244,0.2132061132454432,0.2601370568791504,0.0748463745004774,0.21628437402040285,0.346055395076377,482,482
validation,MA20,10D,10,"Ref($close, -11) / Ref($close, -1) - 1",0.06802298177362867,0.19348690019538198,0.35156375808873597,0.07917868685622577,0.2036899612446911,0.38872159615715696,477,477
validation,MA20,20D,20,"Ref($close, -21) / Ref($close, -1) - 1",0.10163641211559517,0.19505071808714194,0.5210768415125112,0.09713134570222878,0.20745152034180595,0.46821226251892994,467,467
validation,VSTD20,1D,1,"Ref($close, -2) / Ref($close, -1) - 1",-0.00872161796503107,0.13714074165363627,-0.06359611199317017,0.0016585637958032545,0.15689061135043114,0.010571466205193652,486,486
validation,VSTD20,5D,5,"Ref($close, -6) / Ref($close, -1) - 1",-0.014737448846508995,0.1248021397308303,-0.11808650779781744,-0.012248119717660634,0.1445019931873843,-0.08476090500549548,482,482
validation,VSTD20,10D,10,"Ref($close, -11) / Ref($close, -1) - 1",-0.01914885815380492,0.12455560417837842,-0.1537374273933229,-0.018510331205644843,0.1421318478500407,-0.13023352250492493,477,477
validation,VSTD20,20D,20,"Ref($close, -21) / Ref($close, -1) - 1",-0.01815627438570936,0.130889716150353,-0.1387142926099194,-0.032938690091385114,0.15579778923442983,-0.2114194960868288,467,467
validation,CORR20,1D,1,"Ref($close, -2) / Ref($close, -1) - 1",-0.01043362935511914,0.1356441334414264,-0.0769191345796357,-0.01532052889011945,0.1471504476127038,-0.10411472842028105,486,486
validation,CORR20,5D,5,"Ref($close, -6) / Ref($close, -1) - 1",-0.018745735433997684,0.12849740174620802,-0.1458841593623964,-0.03169382641382024,0.14257568744422303,-0.22229474731601187,482,482
validation,CORR20,10D,10,"Ref($close, -11) / Ref($close, -1) - 1",-0.020551303979855613,0.13903059936162984,-0.1478185670939964,-0.03749797914426055,0.15222904317068178,-0.24632605160775517,477,477
validation,CORR20,20D,20,"Ref($close, -21) / Ref($close, -1) - 1",-0.027184260009486226,0.13099584812053286,-0.20752001227148242,-0.04643157038153414,0.1426607110128639,-0.32546851934130167,467,467
test,ROC20,1D,1,"Ref($close, -2) / Ref($close, -1) - 1",-0.0002771049546299885,0.19639729917465937,-0.0014109407603592069,0.014890024612904219,0.20077352063740947,0.07416328889204032,863,863
test,ROC20,5D,5,"Ref($close, -6) / Ref($close, -1) - 1",0.001072188497939901,0.18293362945505967,0.005861079240235049,0.016427512787017352,0.19513381272694186,0.08418588535450283,858,858
test,ROC20,10D,10,"Ref($close, -11) / Ref($close, -1) - 1",-0.0010565612253001632,0.1739257829220484,-0.006074782056744871,0.01536449289095564,0.18666671892179104,0.08230976030276184,853,853
test,ROC20,20D,20,"Ref($close, -21) / Ref($close, -1) - 1",-0.002694243522996958,0.16617557681425377,-0.016213234066330368,0.012625817727219796,0.1793295649227284,0.07040566753541255,843,843
test,STD20,1D,1,"Ref($close, -2) / Ref($close, -1) - 1",0.012050462280851534,0.18376803134565559,0.06557431231434051,-0.002079470648456433,0.19498086104482745,-0.010664998796873444,865,865
test,STD20,5D,5,"Ref($close, -6) / Ref($close, -1) - 1",0.014963201711254587,0.16493980401330485,0.09071916752154975,0.001782262596437582,0.18120970633638397,0.009835359443324325,860,860
test,STD20,10D,10,"Ref($close, -11) / Ref($close, -1) - 1",0.015725008781746118,0.160307424742507,0.09809282886930742,0.006143830923423203,0.17924360493656918,0.03427643025589328,855,855
test,STD20,20D,20,"Ref($close, -21) / Ref($close, -1) - 1",0.02976046027639783,0.16095143606702167,0.18490335348114134,0.023810593111143266,0.17971933562898745,0.1324876537508343,845,845
test,MA20,1D,1,"Ref($close, -2) / Ref($close, -1) - 1",-0.0002103739322699926,0.1984528380205693,-0.0010600701626055239,0.018662258350799536,0.20397833472074778,0.09149137518133338,865,865
test,MA20,5D,5,"Ref($close, -6) / Ref($close, -1) - 1",0.0004032488967179815,0.1853508280600309,0.0021755980317896308,0.012946381903511836,0.19945755577822327,0.06490795424118659,860,860
test,MA20,10D,10,"Ref($close, -11) / Ref($close, -1) - 1",-0.007757739152465706,0.1740828245178226,-0.044563495416352635,0.004283744773270673,0.1902422791440518,0.022517312095630508,855,855
test,MA20,20D,20,"Ref($close, -21) / Ref($close, -1) - 1",-0.003321127461940467,0.16979957163998852,-0.019559103888565566,0.006763076875151645,0.1819582347442822,0.03716829240872907,845,845
test,VSTD20,1D,1,"Ref($close, -2) / Ref($close, -1) - 1",-0.01279610249143008,0.10304994437965934,-0.1241737932849953,-0.00019405618416240973,0.12364663163881166,-0.0015694417356169781,865,865
test,VSTD20,5D,5,"Ref($close, -6) / Ref($close, -1) - 1",-0.022385138018681867,0.1033020516481762,-0.21669596742299627,-0.014763076642249243,0.12255259069656742,-0.1204631950931311,860,860
test,VSTD20,10D,10,"Ref($close, -11) / Ref($close, -1) - 1",-0.02820820651803123,0.10541259858726004,-0.2675980565518514,-0.01963232294980419,0.12359151653718335,-0.1588484671105858,855,855
test,VSTD20,20D,20,"Ref($close, -21) / Ref($close, -1) - 1",-0.03195176449260263,0.10402349781439026,-0.30715910504773025,-0.022953195653217833,0.12149356603490644,-0.1889251949903514,845,845
test,CORR20,1D,1,"Ref($close, -2) / Ref($close, -1) - 1",-0.017160837259942153,0.13704423400300872,-0.12522115494158914,-0.023139308496120566,0.14925265043433067,-0.1550344896977329,866,866
test,CORR20,5D,5,"Ref($close, -6) / Ref($close, -1) - 1",-0.039968631726564854,0.13525106198967057,-0.29551436520045476,-0.05031517701730746,0.15017847007697238,-0.335035887577753,861,861
test,CORR20,10D,10,"Ref($close, -11) / Ref($close, -1) - 1",-0.0552215506557858,0.14148533840930258,-0.390298749514494,-0.07044271619892321,0.15567874488708264,-0.4524876934871034,856,856
test,CORR20,20D,20,"Ref($close, -21) / Ref($close, -1) - 1",-0.07170244293376046,0.14878565086123538,-0.48191772875082955,-0.08855155640907601,0.15802304810629703,-0.5603711450339208,846,846
