split,factor,mean,median,std,min,max,observation_pairs,positive_ratio
train,ROC20,0.9344881760630434,0.9393667327806396,0.02822454725738684,0.7310120324460333,0.9863690457665124,1701,1.0
train,STD20,0.9788004260068672,0.9822721026110854,0.014232734700365669,0.8203016495699423,0.9982246251822632,1701,1.0
train,MA20,0.9083267777370417,0.9143469515914691,0.03724492926689754,0.6133039016823768,0.9972309056885416,1701,1.0
train,VSTD20,0.6644726061874676,0.6681457904586147,0.07860988689361602,0.23644771151752175,0.8604687629352956,1701,1.0
train,CORR20,0.9537569278794947,0.9585297228083313,0.023299496502414804,0.7553768339819915,0.9916282591827387,1701,1.0
validation,ROC20,0.9229167423247983,0.932617617109413,0.04120773540741533,0.7384062428473334,0.9948534528799623,487,1.0
validation,STD20,0.9787589666085367,0.9828144416559053,0.01636787548091558,0.8638195499602056,0.9973089327233182,487,1.0
validation,MA20,0.9002302520578974,0.9115896332031713,0.05481889807774972,0.5654496446949278,0.9989274731868298,487,1.0
validation,VSTD20,0.7088482562796586,0.7146982321677882,0.1007527368091004,0.056047401185029634,0.9209706725307315,487,1.0
validation,CORR20,0.9452017045730842,0.9514265956980557,0.03147492791451471,0.7221715226273321,0.9921479979874142,487,1.0
test,ROC20,0.935223880691839,0.9403120571539778,0.03171816889294457,0.5132340466569603,0.9836204789412032,866,1.0
test,STD20,0.9814113858670531,0.9848898160909151,0.01703152662890147,0.7580351108218045,0.9965034999801137,868,1.0
test,MA20,0.9107376096414174,0.9162709570747654,0.03588177401531387,0.5829316119344133,0.9767063921993498,868,1.0
test,VSTD20,0.6786314092319968,0.6854253154163876,0.0863555170427096,0.22367702532734407,0.9143897154412826,868,1.0
test,CORR20,0.9556950428687296,0.9611769019655774,0.025643083554861265,0.6876620088494508,0.9915879065322948,870,1.0
