split,factor,total_rows,valid_factor_observations,valid_factor_and_label_observations,missing_factor_observations,missing_label_observations,coverage_ratio,unique_factor_values,trading_days,average_daily_cross_section,median_daily_cross_section,min_daily_cross_section,max_daily_cross_section
train,ROC20,503999,480363,471113,23636,19025,0.9347498705354574,391224,1702,282.23443008225615,283.0,177,297
train,STD20,503999,489593,480112,14406,19025,0.9526050646925887,484429,1702,287.6574618096357,289.0,186,298
train,MA20,503999,489726,480239,14273,19025,0.9528570493195423,437977,1702,287.73560517038777,289.0,186,298
train,VSTD20,503999,489593,480112,14406,19025,0.9526050646925887,484230,1702,287.6574618096357,289.0,186,298
train,CORR20,503999,498798,484719,5201,19025,0.9617459558451504,493505,1702,293.0658049353701,294.0,283,299
validation,ROC20,145275,133462,132213,11813,8761,0.9100877645844089,123045,488,273.48770491803276,276.0,142,289
validation,STD20,145275,137067,135783,8208,8761,0.9346618482188952,136723,488,280.875,283.0,146,294
validation,MA20,145275,137186,135877,8089,8761,0.9353088969196351,132504,488,281.1188524590164,283.0,146,295
validation,VSTD20,145275,137067,135783,8208,8761,0.9346618482188952,136636,488,280.875,283.0,146,294
validation,CORR20,145275,140761,136319,4514,8761,0.9383514025124763,140040,488,288.4446721311475,289.0,273,297
test,ROC20,260722,250507,249038,10215,8059,0.9551859835380213,204612,867,288.9354094579008,289.0,153,300
test,STD20,260722,253348,251854,7374,8059,0.9659867598438183,251922,869,291.5397008055236,292.0,157,300
test,MA20,260722,253411,251916,7311,8059,0.9662245610266874,232213,869,291.61219792865364,292.0,157,300
test,VSTD20,260722,253348,251854,7374,8059,0.9659867598438183,251732,869,291.5397008055236,292.0,157,300
test,CORR20,260722,256115,252538,4607,8059,0.9686102438612775,254872,871,294.04707233065443,294.0,283,300
