split,factor,observations,ic_mean,ic_std,icir,rank_ic_mean,rank_ic_std,rank_icir,q5_q1_spread,quantile_monotonic_original_direction,top_quantile_turnover,turnover_observations,ic_median,ic_positive_ratio,ic_negative_ratio,ic_standard_error,ic_t_stat,ic_observation_days,rank_ic_median,rank_ic_positive_ratio,rank_ic_negative_ratio,rank_ic_standard_error,rank_ic_t_stat,rank_ic_observation_days
train,ROC20,471113,0.012580146145117257,0.20296070777299619,0.06198316059868923,0.0252825258062315,0.2072705219010801,0.1219783960321072,0.0004970399123458672,False,0.20708263711460723,1701,0.010171182524472312,0.5211515863689776,0.4788484136310223,0.0049196271640684726,2.5571340521491117,1702,0.023189942950457128,0.5329024676850764,0.4670975323149236,0.005024094077340779,5.0322556498809385,1702
train,STD20,480112,0.01257016474702245,0.19272929049959583,0.06522187008750915,-0.0033088158340151257,0.2080760193480863,-0.015901956623266,0.0005664210049590745,False,0.10091164121613441,1701,0.006906138265611934,0.5240893066980024,0.47591069330199764,0.004671624686655764,2.6907479924336446,1702,-0.017392165686294668,0.463572267920094,0.536427732079906,0.005043618778276054,-0.6560400338477015,1702
train,MA20,480239,0.018601938183982016,0.20587299635510337,0.09035637754014209,0.03607753913272387,0.2114950830234394,0.17058334698365304,0.0007552527371191232,True,0.2191865119622111,1701,0.020692051681787726,0.5417156286721504,0.4582843713278496,0.004990219024805209,3.72767970534282,1702,0.03731319493935931,0.5675675675675675,0.43243243243243246,0.005126494516725685,7.037467613593929,1702
train,VSTD20,480112,-0.00043587080672755817,0.10573700287549576,-0.004122216394205835,0.01125579514280637,0.11560966550174988,0.09736032963987774,0.00012757564334887382,False,0.38098784692502025,1701,0.0007745367978654011,0.5035252643948296,0.4964747356051704,0.002562991809110579,-0.1700632850944678,1702,0.013150414920483288,0.5464159811985899,0.4535840188014101,0.002802298322034878,4.016629869239981,1702
train,CORR20,484719,-0.00807151310902396,0.1301685071058884,-0.06200818683783484,-0.01331871708840207,0.13608851746882392,-0.09786804453544887,-0.0004804552142351672,False,0.15368303832797425,1701,-0.007007055557517171,0.4770857814336075,0.5229142185663925,0.0031551945718508714,-2.5581665172202435,1702,-0.015232133506325421,0.45593419506462984,0.5440658049353702,0.003298691528048121,-4.037575800936721,1702
validation,ROC20,132213,0.03137575588517599,0.22244734970429791,0.14104800945879636,0.05234387688740644,0.22755578508294716,0.2300265707080415,0.0016831451454259127,False,0.21381970879847653,487,0.033908223345862576,0.5512295081967213,0.4487704918032787,0.010069718380329813,3.1158523704560985,488,0.057444148677738664,0.5922131147540983,0.4077868852459016,0.010300966384387815,5.081453034031742,488
validation,STD20,135783,0.010891788077656091,0.23413253077361432,0.046519755463573315,-0.011872513761528453,0.25842939619370864,-0.045941034326564295,-0.00013051379685491817,False,0.09326647279496919,487,-0.008437605558123102,0.47950819672131145,0.5204918032786885,0.01059868167320605,1.0276549870528735,488,-0.043277144183239066,0.4364754098360656,0.5635245901639344,0.011698549091857505,-1.01487061927979,488
validation,MA20,135877,0.032156119960432245,0.22656964821351253,0.14192598264587175,0.055889493279019646,0.2308184929328269,0.24213611556368958,0.001584136095767749,False,0.218124856591274,487,0.03278510989956401,0.5532786885245902,0.44672131147540983,0.010256326065800667,3.1352474320854147,488,0.05538844913815866,0.6065573770491803,0.39344262295081966,0.010448662229041637,5.348961623400654,488
validation,VSTD20,135783,-0.008709116617278665,0.1369565559370334,-0.06359035942231735,0.0016313292786562293,0.15658073352008559,0.010418454697346072,-0.0005128934726327391,False,0.34745739153185407,487,-0.009567044432020229,0.4774590163934426,0.5225409836065574,0.006199731983586619,-1.4047569540643814,488,-0.0001240437562929658,0.4979508196721312,0.5020491803278688,0.007088076762562868,0.23015118674679563,488
validation,CORR20,136319,-0.010258451565687967,0.13536910718454842,-0.07578133430179636,-0.015253852377834535,0.1467350752180772,-0.10395505202259453,-0.0009773231412480408,False,0.15934819295202737,487,-0.00878766976121124,0.4651639344262295,0.5348360655737705,0.006127871555031373,-1.6740643914549946,488,-0.01482559210763525,0.4672131147540984,0.5327868852459017,0.006642384752736845,-2.2964421583000787,488
test,ROC20,249038,-0.0006325350944310066,0.19709497150650204,-0.003209290879397903,0.015170049300813226,0.20079517676980418,0.07554986900011294,-0.00012970064852957115,False,0.18566318018307446,866,-0.008209730400053584,0.4751445086705202,0.5248554913294797,0.0067014300771391175,-0.09438807644786167,865,0.007965708114787182,0.5202312138728323,0.4797687861271676,0.006827240830470607,2.2219883079424845,865
test,STD20,251854,0.011752455704263353,0.18452406619278264,0.0636906390952002,-0.0022007539542898856,0.19498834093808443,-0.011286592540364767,0.000730251860489642,True,0.0880743360426198,868,0.007846074469554449,0.5201845444059977,0.4798154555940023,0.006266765840492199,1.8753621889501302,867,-0.0021194936143333187,0.4913494809688581,0.5086505190311419,0.006622151242908328,-0.3323321793120742,867
test,MA20,251916,-0.0005197107975507181,0.19914977964405028,-0.0026096478664431443,0.019082805631381577,0.2039947596890626,0.09354556783943073,-0.00023776390069713482,False,0.20677370746075685,868,-0.010086249528815932,0.4809688581314879,0.5190311418685121,0.006763481110973358,-0.07684072580723517,867,0.018294126026096896,0.5317185697808535,0.4682814302191465,0.00692802525998549,2.7544364974531783,867
test,VSTD20,251854,-0.012711603689218762,0.10380348395600726,-0.12245835307999912,0.00019595735256761187,0.12381406257794518,0.0015826744433351423,-0.0003801932940386608,False,0.365435393278416,868,-0.012546519979111407,0.4486735870818916,0.5513264129181085,0.0035253511414601053,-3.6057695188780428,867,-0.006269539880851146,0.4786620530565167,0.5213379469434832,0.004204946021108107,0.04660163331085337,867
test,CORR20,252538,-0.01653204832154754,0.1374182735920344,-0.12030458460442947,-0.02279910610025422,0.14924397189652977,-0.15276399984892353,-0.0009344301389779282,False,0.1423289353764575,870,-0.014571584171730148,0.45276497695852536,0.5472350230414746,0.004664280128914351,-3.544394389835995,868,-0.021365812100273038,0.4400921658986175,0.5599078341013825,0.005065670483853224,-4.500708479346644,868
