split,factor,spread_mean,spread_median,spread_std,spread_standard_error,spread_t_stat,positive_day_ratio,negative_day_ratio,observation_days
train,ROC20,0.0004970399123458673,0.00048358976113166115,0.01267502751396574,0.0003072338993455048,1.6177899424663196,0.517626321974148,0.48237367802585196,1702
train,STD20,0.0005664210049590746,0.00034848022803571355,0.012131699240626197,0.00029406399783177316,1.9261827667972815,0.5135135135135135,0.4864864864864865,1702
train,MA20,0.0007552527371191232,0.0009885859828357554,0.012980894899155299,0.0003146479131873572,2.400310650302669,0.5346650998824912,0.46533490011750883,1702
train,VSTD20,0.00012757564334887377,0.0002978538712092721,0.00698935998207969,0.00016941725127284603,0.7530262850470495,0.5193889541715628,0.4806110458284371,1702
train,CORR20,-0.00048045521423516733,-0.0005063838191470009,0.008227603876480255,0.0001994314267528029,-2.409124890986695,0.4688601645123384,0.5311398354876615,1702
validation,ROC20,0.0016831451454259125,0.001152257327245058,0.016962978631954614,0.0007678779627736556,2.1919435470529924,0.5389344262295082,0.4610655737704918,488
validation,STD20,-0.00013051379685491825,-0.0001529263410714281,0.018295003151148004,0.0008281758795697059,-0.15759188365003954,0.4959016393442623,0.5040983606557377,488
validation,MA20,0.001584136095767749,0.0012160945522413792,0.017252525486139297,0.000780985133002593,2.028381884399443,0.5389344262295082,0.4610655737704918,488
validation,VSTD20,-0.000512893472632739,-0.0002812576482061648,0.012479743013099192,0.0005649314220549217,-0.9078862541706457,0.4672131147540984,0.5327868852459017,488
validation,CORR20,-0.000977323141248041,-0.000690298167709364,0.010711217429300661,0.0004848740304926814,-2.0156227799104465,0.44672131147540983,0.5532786885245902,488
test,ROC20,-0.0001297006485295712,-0.00031590955366666727,0.010968915599737998,0.00037295431918850207,-0.34776550868691425,0.4774566473988439,0.522543352601156,865
test,STD20,0.0007302518604896421,0.000911129275438597,0.010144395946103748,0.0003445217488381851,2.119610337960483,0.5317185697808535,0.4682814302191465,867
test,MA20,-0.00023776390069713492,-0.00030414354393785287,0.010919963400444632,0.00037086140051691586,-0.6411125567819506,0.4844290657439446,0.5155709342560554,867
test,VSTD20,-0.00038019329403866085,-0.00038329270543449936,0.0066379906728035645,0.00022543798246008019,-1.6864651195411768,0.4671280276816609,0.532871972318339,867
test,CORR20,-0.0009344301389779282,-0.0010659308435295865,0.008522757147468788,0.00028928122706968517,-3.230178979961367,0.43548387096774194,0.5645161290322581,868
