split,factor,quantile,mean_forward_return,observations,q5_q1_spread,monotonic_original_direction
train,ROC20,1,-0.0001683248509129875,94900,0.0004970399123458672,False
train,ROC20,2,0.0001238014523189937,93886,0.0004970399123458672,False
train,ROC20,3,9.116650464461143e-05,93875,0.0004970399123458672,False
train,ROC20,4,0.0002543631331676558,93886,0.0004970399123458672,False
train,ROC20,5,0.0003287150614328797,94566,0.0004970399123458672,False
train,STD20,1,-0.00014810775712393462,96696,0.0005664210049590745,False
train,STD20,2,3.876246844361805e-05,95685,0.0005664210049590745,False
train,STD20,3,0.00014380221708147075,95684,0.0005664210049590745,False
train,STD20,4,9.66262662529603e-05,95685,0.0005664210049590745,False
train,STD20,5,0.0004183132478351399,96362,0.0005664210049590745,False
train,MA20,1,-0.0003342896157172879,96723,0.0007552527371191232,True
train,MA20,2,1.0837399738731492e-05,95714,0.0007552527371191232,True
train,MA20,3,0.00022340679863655367,95702,0.0007552527371191232,True
train,MA20,4,0.00023036998858831347,95714,0.0007552527371191232,True
train,MA20,5,0.00042096312140183525,96386,0.0007552527371191232,True
train,VSTD20,1,-4.322928156126842e-05,96696,0.00012757564334887382,False
train,VSTD20,2,0.00016579645398350092,95685,0.00012757564334887382,False
train,VSTD20,3,0.00023781224002287403,95684,0.00012757564334887382,False
train,VSTD20,4,0.00010783324211864731,95685,0.00012757564334887382,False
train,VSTD20,5,8.43463617876054e-05,96362,0.00012757564334887382,False
train,CORR20,1,0.0003213662283381493,97642,-0.0004804552142351672,False
train,CORR20,2,0.0001612419543830604,96600,-0.0004804552142351672,False
train,CORR20,3,0.0001739494730473131,96601,-0.0004804552142351672,False
train,CORR20,4,4.186214966243846e-06,96600,-0.0004804552142351672,False
train,CORR20,5,-0.00015908898589701793,97276,-0.0004804552142351672,False
validation,ROC20,1,-0.0008552354021544789,26634,0.0016831451454259127,False
validation,ROC20,2,0.00015788599606004832,26356,0.0016831451454259127,False
validation,ROC20,3,0.0007278515658680842,26333,0.0016831451454259127,False
validation,ROC20,4,0.0010063810887084306,26356,0.0016831451454259127,False
validation,ROC20,5,0.0008279097432714338,26534,0.0016831451454259127,False
validation,STD20,1,0.0005575145887205633,27350,-0.00013051379685491817,False
validation,STD20,2,0.0003761380788068464,27056,-0.00013051379685491817,False
validation,STD20,3,0.0003430240305760082,27068,-0.00013051379685491817,False
validation,STD20,4,5.7439144088611224e-05,27056,-0.00013051379685491817,False
validation,STD20,5,0.0004270007918656452,27253,-0.00013051379685491817,False
validation,MA20,1,-0.000793787384641928,27371,0.001584136095767749,False
validation,MA20,2,0.0004658946810506208,27072,0.001584136095767749,False
validation,MA20,3,0.0007882598856992744,27089,0.001584136095767749,False
validation,MA20,4,0.0004919190298730065,27072,0.001584136095767749,False
validation,MA20,5,0.000790348711125821,27273,0.001584136095767749,False
validation,VSTD20,1,0.0004934700278020998,27350,-0.0005128934726327391,False
validation,VSTD20,2,0.0006006387285377296,27056,-0.0005128934726327391,False
validation,VSTD20,3,0.00046216110873690045,27068,-0.0005128934726327391,False
validation,VSTD20,4,0.00023165694162374307,27056,-0.0005128934726327391,False
validation,VSTD20,5,-1.942344483063933e-05,27253,-0.0005128934726327391,False
validation,CORR20,1,0.0007001750590514319,27465,-0.0009773231412480408,False
validation,CORR20,2,0.0005426167662792918,27155,-0.0009773231412480408,False
validation,CORR20,3,0.0005775092797577447,27183,-0.0009773231412480408,False
validation,CORR20,4,0.000459934275405782,27155,-0.0009773231412480408,False
validation,CORR20,5,-0.000277148082196609,27361,-0.0009773231412480408,False
test,ROC20,1,0.0005420396412566948,50113,-0.00012970064852957115,False
test,ROC20,2,0.0005394032271967571,49636,-0.00012970064852957115,False
test,ROC20,3,0.0002762996845153776,49648,-0.00012970064852957115,False
test,ROC20,4,0.0003642294572213212,49636,-0.00012970064852957115,False
test,ROC20,5,0.00041233899272712364,50005,-0.00012970064852957115,False
test,STD20,1,8.935019711672833e-05,50649,0.000730251860489642,True
test,STD20,2,0.00024562433182029314,50240,0.000730251860489642,True
test,STD20,3,0.00037819087243796864,50190,0.000730251860489642,True
test,STD20,4,0.0004371382145741831,50240,0.000730251860489642,True
test,STD20,5,0.0008196020576063703,50535,0.000730251860489642,True
test,MA20,1,0.0006213089570081865,50660,-0.00023776390069713482,False
test,MA20,2,0.0004733632310614222,50255,-0.00023776390069713482,False
test,MA20,3,0.0002360220877781048,50200,-0.00023776390069713482,False
test,MA20,4,0.000232376242362875,50255,-0.00023776390069713482,False
test,MA20,5,0.00038354505631105163,50546,-0.00023776390069713482,False
test,VSTD20,1,0.0003750976758184459,50649,-0.0003801932940386608,False
test,VSTD20,2,0.0005965008531943669,50240,-0.0003801932940386608,False
test,VSTD20,3,0.0006048390885361821,50190,-0.0003801932940386608,False
test,VSTD20,4,0.0004025131191032381,50240,-0.0003801932940386608,False
test,VSTD20,5,-5.095618220214932e-06,50535,-0.0003801932940386608,False
test,CORR20,1,0.0008979630107720638,50773,-0.0009344301389779282,False
test,CORR20,2,0.0005256409436604091,50401,-0.0009344301389779282,False
test,CORR20,3,0.00030823377522942616,50308,-0.0009344301389779282,False
test,CORR20,4,0.0003248174794523823,50401,-0.0009344301389779282,False
test,CORR20,5,-3.646712820586443e-05,50655,-0.0009344301389779282,False
