split,factor,top_quantile_turnover,observations,definition
train,ROC20,0.20708263711460723,1701,"1 - overlap(previous top Q5, current top Q5) / previous top Q5 size"
train,STD20,0.10091164121613441,1701,"1 - overlap(previous top Q5, current top Q5) / previous top Q5 size"
train,MA20,0.2191865119622111,1701,"1 - overlap(previous top Q5, current top Q5) / previous top Q5 size"
train,VSTD20,0.38098784692502025,1701,"1 - overlap(previous top Q5, current top Q5) / previous top Q5 size"
train,CORR20,0.15368303832797425,1701,"1 - overlap(previous top Q5, current top Q5) / previous top Q5 size"
validation,ROC20,0.21381970879847653,487,"1 - overlap(previous top Q5, current top Q5) / previous top Q5 size"
validation,STD20,0.09326647279496919,487,"1 - overlap(previous top Q5, current top Q5) / previous top Q5 size"
validation,MA20,0.218124856591274,487,"1 - overlap(previous top Q5, current top Q5) / previous top Q5 size"
validation,VSTD20,0.34745739153185407,487,"1 - overlap(previous top Q5, current top Q5) / previous top Q5 size"
validation,CORR20,0.15934819295202737,487,"1 - overlap(previous top Q5, current top Q5) / previous top Q5 size"
test,ROC20,0.18566318018307446,866,"1 - overlap(previous top Q5, current top Q5) / previous top Q5 size"
test,STD20,0.0880743360426198,868,"1 - overlap(previous top Q5, current top Q5) / previous top Q5 size"
test,MA20,0.20677370746075685,868,"1 - overlap(previous top Q5, current top Q5) / previous top Q5 size"
test,VSTD20,0.365435393278416,868,"1 - overlap(previous top Q5, current top Q5) / previous top Q5 size"
test,CORR20,0.1423289353764575,870,"1 - overlap(previous top Q5, current top Q5) / previous top Q5 size"
