date,cash,total_value,market_value,unit_net_value,units,static_unit_net_value,benchmark_unit_net_value,arithmetic_excess_unit_net_value,geometric_excess_unit_net_value
2016-06-01,360.352,99920.352,99560.0,0.999204,100000.0,1.0,0.9971564505582132,0.0020475494417867557,0.0020533883530919894
2016-06-02,360.352,99730.352,99370.0,0.997304,100000.0,0.9992,0.9992238354360754,-0.0019198354360754344,-0.0019213267017770264
2016-06-03,360.352,100110.352,99750.0,1.001104,100000.0,0.9973,1.0062361025654099,-0.005132102565409857,-0.00510029659274347
2016-06-06,360.352,100205.352,99845.0,1.002054,100000.0,1.0011,1.0029116030560459,-0.0008576030560458747,-0.0008551133055322291
2016-06-07,360.352,100300.352,99940.0,1.003004,100000.0,1.0021,1.0023643030808254,0.0006396969191746482,0.0006381880492036807
2016-06-08,360.352,100110.352,99750.0,1.001104,100000.0,1.003,0.9982415854719004,0.002862414528099544,0.0028674567056294897
2016-06-13,360.352,98495.352,98135.0,0.984954,100000.0,1.0011,0.9674344367946616,0.01751956320533843,0.018109302851968767
2016-06-14,360.352,99160.352,98800.0,0.991604,100000.0,0.985,0.970476531157418,0.021127468842581987,0.02177020068417801
2016-06-15,360.352,99540.352,99180.0,0.995404,100000.0,0.9916,0.9832179850337575,0.012186014966242498,0.012394011451920317
2016-06-16,1813.852,99511.852,97698.0,0.995119,100000.0,0.9954,0.9763736907566782,0.01874530924332174,0.019198908594919573
2016-06-17,1813.852,99625.852,97812.0,0.996259,100000.0,0.9951,0.9813215071695441,0.014937492830455867,0.015221813362208403
2016-06-20,1813.852,99853.852,98040.0,0.998539,100000.0,0.9963,0.9820525866083988,0.016486413391601173,0.016787709351225644
2016-06-21,1813.852,99967.852,98154.0,0.999679,100000.0,0.9985,0.9800469768704156,0.01963202312958434,0.02003171643085455
2016-06-22,1813.852,101335.852,99522.0,1.013359,100000.0,0.9997,0.9887685665372206,0.024590433462779338,0.024869756477896354
2016-06-23,1813.852,100537.852,98724.0,1.005379,100000.0,1.0134,0.983517269495909,0.021861730504091015,0.022228110458391903
2016-06-24,1813.852,99511.852,97698.0,0.995119,100000.0,1.0054,0.9708462985932619,0.024272701406738095,0.025001590305189225
2016-06-27,1813.852,99967.852,98154.0,0.999679,100000.0,0.9951,0.9845355496999929,0.015143450300007077,0.015381313863802593
2016-06-28,1813.852,100195.852,98382.0,1.001959,100000.0,0.9997,0.9895384526267652,0.012420547373234836,0.012551859243331132
2016-06-29,1813.852,100879.852,99066.0,1.008799,100000.0,1.002,0.9942673427395184,0.014531657260481556,0.014615442583523208
2016-06-30,1813.852,100993.852,99180.0,1.009939,100000.0,1.0088,0.9950659394405493,0.01487306055945059,0.014946809020327523
2016-07-01,1813.852,101107.852,99294.0,1.011079,100000.0,1.0099,0.9951540589327261,0.015924941067273934,0.016002488181933394
2016-07-04,1813.852,102247.852,100434.0,1.022479,100000.0,1.0111,1.0110855772464047,0.011393422753595228,0.011268504872381069
2016-07-05,1813.852,102247.852,100434.0,1.022479,100000.0,1.0225,1.011933171287697,0.010545828712302807,0.010421467554901032
2016-07-06,1813.852,102019.852,100206.0,1.020199,100000.0,1.0225,1.014905445229334,0.005293554770666065,0.005215810788629538
2016-07-07,1813.852,101905.852,100092.0,1.019059,100000.0,1.0202,1.0127444826881005,0.00631451731189947,0.006235054764395231
2016-07-08,1813.852,101449.852,99636.0,1.014499,100000.0,1.0191,1.007168377135525,0.007330622864474945,0.007278448202795884
2016-07-11,1813.852,101563.852,99750.0,1.015639,100000.0,1.0145,1.010654476372397,0.0049845236276029325,0.004931976005780214
2016-07-12,1813.852,103045.852,101232.0,1.030459,100000.0,1.0156,1.0326930257002878,-0.002234025700287745,-0.0021633008500011597
2016-07-13,1813.852,104299.852,102486.0,1.042999,100000.0,1.0305,1.0357489074665822,0.007250092533417796,0.006999855352154194
2016-07-14,1813.852,103729.852,101916.0,1.037299,100000.0,1.043,1.0338229617879424,0.003476038212057553,0.0033623147681358656
2016-07-15,1813.852,104299.852,102486.0,1.042999,100000.0,1.0373,1.0336695650922878,0.009329434907712209,0.009025548611252043
2016-07-18,1813.852,104869.852,103056.0,1.048699,100000.0,1.043,1.0291720004777947,0.01952699952220538,0.01897350444157042
2016-07-19,1813.852,104071.852,102258.0,1.040719,100000.0,1.0487,1.024821838035679,0.015897161964320894,0.015512122570291442
2016-07-20,1813.852,103957.852,102144.0,1.039579,100000.0,1.0407,1.0214683755138487,0.018110624486151305,0.01772999039450518
2016-07-21,1813.852,104299.852,102486.0,1.042999,100000.0,1.0396,1.0261748965897406,0.016824103410259417,0.01639496684841002
2016-07-22,1813.852,103729.852,101916.0,1.037299,100000.0,1.043,1.0175425937696454,0.019756406230354573,0.019415802691034267
2016-07-25,1813.852,104185.852,102372.0,1.041859,100000.0,1.0373,1.0193481757309006,0.02251082426909945,0.022083547903500644
2016-07-26,1813.852,105667.852,103854.0,1.056679,100000.0,1.0419,1.0315590827470735,0.025119917252926394,0.02435140911757694
2016-07-27,1813.852,104527.852,102714.0,1.045279,100000.0,1.0567,1.015359609242898,0.029919390757102038,0.029466792341101167
2016-07-28,1813.852,105325.852,103512.0,1.053259,100000.0,1.0453,1.016272512037791,0.03698648796220905,0.03639426189737738
2016-07-29,1813.852,106693.852,104880.0,1.066939,100000.0,1.0533,1.0108439664082054,0.056095033591794685,0.05549326647426622
2016-08-01,1813.852,107605.852,105792.0,1.076059,100000.0,1.0669,1.0022871630312822,0.07377183696871792,0.07360349377877395
2016-08-02,1813.852,107263.852,105450.0,1.072639,100000.0,1.0761,1.006150096931441,0.06648890306855892,0.06608248935356364
2016-08-03,1813.852,106465.852,104652.0,1.064659,100000.0,1.0726,1.007555465588628,0.05710353441137195,0.05667532593653424
2016-08-04,1813.852,104299.852,102486.0,1.042999,100000.0,1.0647,1.0100105383719211,0.03298846162807889,0.032661502404969456
2016-08-05,1813.852,104869.852,103056.0,1.048699,100000.0,1.043,1.0112161632034828,0.037482836796517205,0.03706708630702016
2016-08-08,1813.852,105667.852,103854.0,1.056679,100000.0,1.0487,1.0203887934217233,0.03629020657827664,0.035565077558900704
2016-08-09,1813.852,106123.852,104310.0,1.061239,100000.0,1.0567,1.027581590352073,0.03365740964792696,0.032754002177476815
2016-08-10,1813.852,106009.852,104196.0,1.060099,100000.0,1.0612,1.0232780274409081,0.03682097255909178,0.0359833511242067
2016-08-11,1813.852,106921.852,105108.0,1.069219,100000.0,1.0601,1.02012916746357,0.049089832536429956,0.048121192984302175
2016-08-12,1813.852,110113.852,108300.0,1.101139,100000.0,1.0692,1.039334768190838,0.06180423180916206,0.0594651826347965
2016-08-15,1813.852,112165.852,110352.0,1.121659,100000.0,1.1011,1.0706293978110142,0.05102960218898578,0.04766318045564577
2016-08-16,1813.852,110341.852,108528.0,1.103419,100000.0,1.1217,1.06584046781512,0.03757853218487983,0.03525718277699896
2016-08-17,1813.852,110683.852,108870.0,1.106839,100000.0,1.1034,1.0642006501975443,0.04263834980245562,0.04006608133018985
2016-08-18,1813.852,110113.852,108300.0,1.101139,100000.0,1.1068,1.0614991709574302,0.03963982904256991,0.03734325011937245
2016-08-19,1813.852,110227.852,108414.0,1.102279,100000.0,1.1011,1.0616678379123807,0.04061116208761928,0.03825222978165699
2016-08-22,1813.852,108973.852,107160.0,1.089739,100000.0,1.1023,1.0527628789335346,0.03697612106646542,0.035122933954437
2016-08-23,1813.852,108973.852,107160.0,1.089739,100000.0,1.0897,1.0543513960519053,0.035387603948094704,0.03356338700798056
2016-08-24,1813.852,109315.852,107502.0,1.093159,100000.0,1.0897,1.050575887541228,0.04258311245877189,0.040533114231694034
2016-08-25,1813.852,109429.852,107616.0,1.094299,100000.0,1.0932,1.0439847514471876,0.0503142485528123,0.048194428590135896
2016-08-26,1813.852,109543.852,107730.0,1.095439,100000.0,1.0943,1.043391009691629,0.05204799030837104,0.04988349508949064
2016-08-29,1813.852,109201.852,107388.0,1.092019,100000.0,1.0954,1.0436090210381888,0.04840997896181132,0.04638708365480859
2016-08-30,1813.852,109771.852,107958.0,1.097719,100000.0,1.092,1.0449360191910553,0.05278298080894461,0.050513122181209624
2016-08-31,1813.852,109999.852,108186.0,1.099999,100000.0,1.0977,1.0499230208560815,0.05007597914391848,0.047694905387528186
2016-09-01,1813.852,109543.852,107730.0,1.095439,100000.0,1.1,1.0416514936869143,0.05378750631308571,0.051636758204709476
2016-09-02,1813.852,109543.852,107730.0,1.095439,100000.0,1.0954,1.0456070902968915,0.04983190970310858,0.047658350986276465
2016-09-05,1813.852,109201.852,107388.0,1.092019,100000.0,1.0954,1.0473632016660475,0.04465579833395261,0.04263640183550299
2016-09-06,1813.852,109087.852,107274.0,1.090879,100000.0,1.092,1.0546025665772254,0.036276433422774534,0.03439820324021392
2016-09-07,1813.852,108973.852,107160.0,1.089739,100000.0,1.0909,1.054031919511346,0.03570708048865412,0.03387665954671282
2016-09-08,1813.852,108973.852,107160.0,1.089739,100000.0,1.0897,1.0536365333760225,0.036102466623977536,0.034264630620105097
2016-09-09,1813.852,108745.852,106932.0,1.087459,100000.0,1.0897,1.0468469470113797,0.04061205298862025,0.038794642430359794
2016-09-12,1813.852,106237.852,104424.0,1.062379,100000.0,1.0875,1.0293556537409385,0.03302334625906145,0.03208157077589879
2016-09-13,1813.852,106579.852,104766.0,1.065799,100000.0,1.0624,1.0286390558083172,0.03715994419168278,0.036125348324910656
2016-09-14,1813.852,105097.852,103284.0,1.050979,100000.0,1.0658,1.0218232512918666,0.029155748708133533,0.02853306447203341
2016-09-19,1813.852,105781.852,103968.0,1.057819,100000.0,1.051,1.02951968282788,0.028299317172119975,0.027487883567594906
2016-09-20,1813.852,105325.852,103512.0,1.053259,100000.0,1.0578,1.0277147634191977,0.025544236580802293,0.024855375722945494
2016-09-21,1813.852,105325.852,103512.0,1.053259,100000.0,1.0533,1.030627754680634,0.022631245319366,0.02195869965327968
2016-09-22,1813.852,106237.852,104424.0,1.062379,100000.0,1.0533,1.0383527390775207,0.02402626092247928,0.0231388236562311
2016-09-23,1813.852,106123.852,104310.0,1.061239,100000.0,1.0624,1.0334767938437377,0.027762206156262348,0.026862921665621764
2016-09-26,1813.852,104869.852,103056.0,1.048699,100000.0,1.0612,1.016003484143129,0.03269551585687114,0.03218051548754852
2016-09-27,1813.852,105097.852,103284.0,1.050979,100000.0,1.0487,1.0224620466223728,0.028516953377627274,0.02789047620088292
2016-09-28,1813.852,104983.852,103170.0,1.049839,100000.0,1.051,1.0193498794375164,0.03048912056248354,0.029910358727179842
2016-09-29,1813.852,105097.852,103284.0,1.050979,100000.0,1.0498,1.0236081994729989,0.02737080052700125,0.02673952840656524
2016-09-30,1813.852,105211.852,103398.0,1.052119,100000.0,1.051,1.0264153400734066,0.025703659926593403,0.02504216268314452
2016-10-10,1813.852,105781.852,103968.0,1.057819,100000.0,1.0521,1.0392196733439132,0.01859932665608688,0.017897396607436722
2016-10-11,1813.852,106123.852,104310.0,1.061239,100000.0,1.0578,1.0432228790887614,0.01801612091123861,0.01726967580214067
2016-10-12,1813.852,105895.852,104082.0,1.058959,100000.0,1.0612,1.0411571663673924,0.017801833632607567,0.01709812332629701
2016-10-13,1813.852,105211.852,103398.0,1.052119,100000.0,1.059,1.041988701396326,0.010130298603673982,0.009722081045695496
2016-10-14,1813.852,105439.852,103626.0,1.054399,100000.0,1.0521,1.0429991256199043,0.01139987438009582,0.010929898309665731
2016-10-17,1813.852,104983.852,103170.0,1.049839,100000.0,1.0544,1.0341747456539545,0.01566425434604546,0.015146622378735763
2016-10-18,1813.852,105439.852,103626.0,1.054399,100000.0,1.0498,1.0478844412400732,0.006514558759926903,0.006216867531898318
2016-10-19,1813.852,105325.852,103512.0,1.053259,100000.0,1.0544,1.0462780036521153,0.006980996347884627,0.006672219356152809
2016-10-20,1813.852,105211.852,103398.0,1.052119,100000.0,1.0533,1.0470237538979383,0.00509524610206169,0.004866409270174454
2016-10-21,1813.852,105895.852,104082.0,1.058959,100000.0,1.0521,1.0499060468901702,0.009052953109829787,0.008622631650369694
2016-10-24,1813.852,107149.852,105336.0,1.071499,100000.0,1.059,1.0624749215963678,0.009024078403632174,0.008493450734887498
2016-10-25,1813.852,106807.852,104994.0,1.068079,100000.0,1.0715,1.062436083395555,0.005642916604444936,0.0053112998444200255
2016-10-26,1813.852,106123.852,104310.0,1.061239,100000.0,1.0681,1.058443604692361,0.002795395307638948,0.002641043221619288
2016-10-27,1813.852,106237.852,104424.0,1.062379,100000.0,1.0612,1.0555708713872505,0.006808128612749487,0.00644971247056314
2016-10-28,1813.852,106351.852,104538.0,1.063519,100000.0,1.0624,1.0538139081647866,0.009705091835213508,0.009209493023407678
2016-10-31,1813.852,106123.852,104310.0,1.061239,100000.0,1.0635,1.0525997332500239,0.008639266749976171,0.008207551718924844
2016-11-01,1813.852,106009.852,104196.0,1.060099,100000.0,1.0612,1.059784863500603,0.0003141364993968221,0.000296415348261414
2016-11-02,1813.852,105211.852,103398.0,1.052119,100000.0,1.0601,1.0516767659660495,0.0004422340339504949,0.00042050375957880526
2016-11-03,1813.852,105895.852,104082.0,1.058959,100000.0,1.0521,1.0616884401423814,-0.002729440142381412,-0.0025708485080758736
2016-11-04,1813.852,105667.852,103854.0,1.056679,100000.0,1.059,1.0582462902261691,-0.0015672902261691934,-0.0014810259583657448
2016-11-07,1813.852,105781.852,103968.0,1.057819,100000.0,1.0567,1.0590087620369235,-0.0011897620369234474,-0.0011234676043992975
2016-11-08,1813.852,106123.852,104310.0,1.061239,100000.0,1.0578,1.0635917643831798,-0.002352764383179773,-0.002212093457252595
2016-11-09,1813.852,105211.852,103398.0,1.052119,100000.0,1.0612,1.0578928657537867,-0.005773865753786689,-0.0054578927041658565
2016-11-10,1813.852,106009.852,104196.0,1.060099,100000.0,1.0521,1.069742208365969,-0.009643208365968992,-0.00901451610542603
2016-11-11,1813.852,106465.852,104652.0,1.064659,100000.0,1.0601,1.078137443565507,-0.01347844356550687,-0.0125016004647166
2016-11-14,1813.852,106921.852,105108.0,1.069219,100000.0,1.0647,1.0822475095753041,-0.013028509575304215,-0.012038382588116847
2016-11-15,1813.852,107035.852,105222.0,1.070359,100000.0,1.0692,1.0821280923615952,-0.01176909236159518,-0.010875877305717818
2016-11-16,1813.852,107035.852,105222.0,1.070359,100000.0,1.0704,1.082040509221501,-0.011681509221501019,-0.01079581505678151
2016-11-17,1813.852,106807.852,104994.0,1.068079,100000.0,1.0704,1.084231002677406,-0.01615200267740602,-0.014897196849675165
2016-11-18,1813.852,106465.852,104652.0,1.064659,100000.0,1.0681,1.078211365502553,-0.013552365502552899,-0.012569303140517518
2016-11-21,1813.852,107149.852,105336.0,1.071499,100000.0,1.0647,1.085674610083078,-0.014175610083078105,-0.01305696011624824
2016-11-22,1813.852,108517.852,106704.0,1.085179,100000.0,1.0715,1.0942729965214726,-0.009093996521472691,-0.00831053727029829
2016-11-23,1813.852,109543.852,107730.0,1.095439,100000.0,1.0852,1.0962812249196245,-0.0008422249196244902,-0.0007682562653449354
2016-11-24,1813.852,109771.852,107958.0,1.097719,100000.0,1.0954,1.1007018072351877,-0.0029828072351878454,-0.0027099139981247022
2016-11-25,1813.852,111481.852,109668.0,1.114819,100000.0,1.0977,1.110973959222981,0.003845040777018971,0.003460963909278414
2016-11-28,1813.852,111595.852,109782.0,1.115959,100000.0,1.1148,1.115322291757991,0.0006367082420088988,0.0005708737704912537
2016-11-29,1813.852,111481.852,109668.0,1.114819,100000.0,1.116,1.12445911258718,-0.009640112587179894,-0.008573110822144292
2016-11-30,1813.852,110683.852,108870.0,1.106839,100000.0,1.1148,1.1162436499857171,-0.009404649985717217,-0.008425266281100519
2016-12-01,1813.852,111253.852,109440.0,1.112539,100000.0,1.1068,1.1247732256069123,-0.012234225606912341,-0.010877059773814368
