date,order_book_id,symbol,quantity,last_price,avg_price,market_value
2016-06-01,000001.XSHE,平安银行,9500.0,10.48,10.48,99560.0
2016-06-02,000001.XSHE,平安银行,9500.0,10.46,10.48,99370.0
2016-06-03,000001.XSHE,平安银行,9500.0,10.5,10.48,99750.0
2016-06-06,000001.XSHE,平安银行,9500.0,10.51,10.48,99845.0
2016-06-07,000001.XSHE,平安银行,9500.0,10.52,10.48,99940.0
2016-06-08,000001.XSHE,平安银行,9500.0,10.5,10.48,99750.0
2016-06-13,000001.XSHE,平安银行,9500.0,10.33,10.48,98135.0
2016-06-14,000001.XSHE,平安银行,9500.0,10.4,10.48,98800.0
2016-06-15,000001.XSHE,平安银行,9500.0,10.44,10.48,99180.0
2016-06-16,000001.XSHE,平安银行,11400.0,8.57,8.6058,97698.0
2016-06-17,000001.XSHE,平安银行,11400.0,8.58,8.6058,97812.0
2016-06-20,000001.XSHE,平安银行,11400.0,8.6,8.6058,98040.0
2016-06-21,000001.XSHE,平安银行,11400.0,8.61,8.6058,98154.0
2016-06-22,000001.XSHE,平安银行,11400.0,8.73,8.6058,99522.0
2016-06-23,000001.XSHE,平安银行,11400.0,8.66,8.6058,98724.0
2016-06-24,000001.XSHE,平安银行,11400.0,8.57,8.6058,97698.0
2016-06-27,000001.XSHE,平安银行,11400.0,8.61,8.6058,98154.0
2016-06-28,000001.XSHE,平安银行,11400.0,8.63,8.6058,98382.0
2016-06-29,000001.XSHE,平安银行,11400.0,8.69,8.6058,99066.0
2016-06-30,000001.XSHE,平安银行,11400.0,8.7,8.6058,99180.0
2016-07-01,000001.XSHE,平安银行,11400.0,8.71,8.6058,99294.0
2016-07-04,000001.XSHE,平安银行,11400.0,8.81,8.6058,100434.0
2016-07-05,000001.XSHE,平安银行,11400.0,8.81,8.6058,100434.0
2016-07-06,000001.XSHE,平安银行,11400.0,8.79,8.6058,100206.0
2016-07-07,000001.XSHE,平安银行,11400.0,8.78,8.6058,100092.0
2016-07-08,000001.XSHE,平安银行,11400.0,8.74,8.6058,99636.0
2016-07-11,000001.XSHE,平安银行,11400.0,8.75,8.6058,99750.0
2016-07-12,000001.XSHE,平安银行,11400.0,8.88,8.6058,101232.0
2016-07-13,000001.XSHE,平安银行,11400.0,8.99,8.6058,102486.0
2016-07-14,000001.XSHE,平安银行,11400.0,8.94,8.6058,101916.0
2016-07-15,000001.XSHE,平安银行,11400.0,8.99,8.6058,102486.0
2016-07-18,000001.XSHE,平安银行,11400.0,9.04,8.6058,103056.0
2016-07-19,000001.XSHE,平安银行,11400.0,8.97,8.6058,102258.0
2016-07-20,000001.XSHE,平安银行,11400.0,8.96,8.6058,102144.0
2016-07-21,000001.XSHE,平安银行,11400.0,8.99,8.6058,102486.0
2016-07-22,000001.XSHE,平安银行,11400.0,8.94,8.6058,101916.0
2016-07-25,000001.XSHE,平安银行,11400.0,8.98,8.6058,102372.0
2016-07-26,000001.XSHE,平安银行,11400.0,9.11,8.6058,103854.0
2016-07-27,000001.XSHE,平安银行,11400.0,9.01,8.6058,102714.0
2016-07-28,000001.XSHE,平安银行,11400.0,9.08,8.6058,103512.0
2016-07-29,000001.XSHE,平安银行,11400.0,9.2,8.6058,104880.0
2016-08-01,000001.XSHE,平安银行,11400.0,9.28,8.6058,105792.0
2016-08-02,000001.XSHE,平安银行,11400.0,9.25,8.6058,105450.0
2016-08-03,000001.XSHE,平安银行,11400.0,9.18,8.6058,104652.0
2016-08-04,000001.XSHE,平安银行,11400.0,8.99,8.6058,102486.0
2016-08-05,000001.XSHE,平安银行,11400.0,9.04,8.6058,103056.0
2016-08-08,000001.XSHE,平安银行,11400.0,9.11,8.6058,103854.0
2016-08-09,000001.XSHE,平安银行,11400.0,9.15,8.6058,104310.0
2016-08-10,000001.XSHE,平安银行,11400.0,9.14,8.6058,104196.0
2016-08-11,000001.XSHE,平安银行,11400.0,9.22,8.6058,105108.0
2016-08-12,000001.XSHE,平安银行,11400.0,9.5,8.6058,108300.0
2016-08-15,000001.XSHE,平安银行,11400.0,9.68,8.6058,110352.0
2016-08-16,000001.XSHE,平安银行,11400.0,9.52,8.6058,108528.0
2016-08-17,000001.XSHE,平安银行,11400.0,9.55,8.6058,108870.0
2016-08-18,000001.XSHE,平安银行,11400.0,9.5,8.6058,108300.0
2016-08-19,000001.XSHE,平安银行,11400.0,9.51,8.6058,108414.0
2016-08-22,000001.XSHE,平安银行,11400.0,9.4,8.6058,107160.0
2016-08-23,000001.XSHE,平安银行,11400.0,9.4,8.6058,107160.0
2016-08-24,000001.XSHE,平安银行,11400.0,9.43,8.6058,107502.0
2016-08-25,000001.XSHE,平安银行,11400.0,9.44,8.6058,107616.0
2016-08-26,000001.XSHE,平安银行,11400.0,9.45,8.6058,107730.0
2016-08-29,000001.XSHE,平安银行,11400.0,9.42,8.6058,107388.0
2016-08-30,000001.XSHE,平安银行,11400.0,9.47,8.6058,107958.0
2016-08-31,000001.XSHE,平安银行,11400.0,9.49,8.6058,108186.0
2016-09-01,000001.XSHE,平安银行,11400.0,9.45,8.6058,107730.0
2016-09-02,000001.XSHE,平安银行,11400.0,9.45,8.6058,107730.0
2016-09-05,000001.XSHE,平安银行,11400.0,9.42,8.6058,107388.0
2016-09-06,000001.XSHE,平安银行,11400.0,9.41,8.6058,107274.0
2016-09-07,000001.XSHE,平安银行,11400.0,9.4,8.6058,107160.0
2016-09-08,000001.XSHE,平安银行,11400.0,9.4,8.6058,107160.0
2016-09-09,000001.XSHE,平安银行,11400.0,9.38,8.6058,106932.0
2016-09-12,000001.XSHE,平安银行,11400.0,9.16,8.6058,104424.0
2016-09-13,000001.XSHE,平安银行,11400.0,9.19,8.6058,104766.0
2016-09-14,000001.XSHE,平安银行,11400.0,9.06,8.6058,103284.0
2016-09-19,000001.XSHE,平安银行,11400.0,9.12,8.6058,103968.0
2016-09-20,000001.XSHE,平安银行,11400.0,9.08,8.6058,103512.0
2016-09-21,000001.XSHE,平安银行,11400.0,9.08,8.6058,103512.0
2016-09-22,000001.XSHE,平安银行,11400.0,9.16,8.6058,104424.0
2016-09-23,000001.XSHE,平安银行,11400.0,9.15,8.6058,104310.0
2016-09-26,000001.XSHE,平安银行,11400.0,9.04,8.6058,103056.0
2016-09-27,000001.XSHE,平安银行,11400.0,9.06,8.6058,103284.0
2016-09-28,000001.XSHE,平安银行,11400.0,9.05,8.6058,103170.0
2016-09-29,000001.XSHE,平安银行,11400.0,9.06,8.6058,103284.0
2016-09-30,000001.XSHE,平安银行,11400.0,9.07,8.6058,103398.0
2016-10-10,000001.XSHE,平安银行,11400.0,9.12,8.6058,103968.0
2016-10-11,000001.XSHE,平安银行,11400.0,9.15,8.6058,104310.0
2016-10-12,000001.XSHE,平安银行,11400.0,9.13,8.6058,104082.0
2016-10-13,000001.XSHE,平安银行,11400.0,9.07,8.6058,103398.0
2016-10-14,000001.XSHE,平安银行,11400.0,9.09,8.6058,103626.0
2016-10-17,000001.XSHE,平安银行,11400.0,9.05,8.6058,103170.0
2016-10-18,000001.XSHE,平安银行,11400.0,9.09,8.6058,103626.0
2016-10-19,000001.XSHE,平安银行,11400.0,9.08,8.6058,103512.0
2016-10-20,000001.XSHE,平安银行,11400.0,9.07,8.6058,103398.0
2016-10-21,000001.XSHE,平安银行,11400.0,9.13,8.6058,104082.0
2016-10-24,000001.XSHE,平安银行,11400.0,9.24,8.6058,105336.0
2016-10-25,000001.XSHE,平安银行,11400.0,9.21,8.6058,104994.0
2016-10-26,000001.XSHE,平安银行,11400.0,9.15,8.6058,104310.0
2016-10-27,000001.XSHE,平安银行,11400.0,9.16,8.6058,104424.0
2016-10-28,000001.XSHE,平安银行,11400.0,9.17,8.6058,104538.0
2016-10-31,000001.XSHE,平安银行,11400.0,9.15,8.6058,104310.0
2016-11-01,000001.XSHE,平安银行,11400.0,9.14,8.6058,104196.0
2016-11-02,000001.XSHE,平安银行,11400.0,9.07,8.6058,103398.0
2016-11-03,000001.XSHE,平安银行,11400.0,9.13,8.6058,104082.0
2016-11-04,000001.XSHE,平安银行,11400.0,9.11,8.6058,103854.0
2016-11-07,000001.XSHE,平安银行,11400.0,9.12,8.6058,103968.0
2016-11-08,000001.XSHE,平安银行,11400.0,9.15,8.6058,104310.0
2016-11-09,000001.XSHE,平安银行,11400.0,9.07,8.6058,103398.0
2016-11-10,000001.XSHE,平安银行,11400.0,9.14,8.6058,104196.0
2016-11-11,000001.XSHE,平安银行,11400.0,9.18,8.6058,104652.0
2016-11-14,000001.XSHE,平安银行,11400.0,9.22,8.6058,105108.0
2016-11-15,000001.XSHE,平安银行,11400.0,9.23,8.6058,105222.0
2016-11-16,000001.XSHE,平安银行,11400.0,9.23,8.6058,105222.0
2016-11-17,000001.XSHE,平安银行,11400.0,9.21,8.6058,104994.0
2016-11-18,000001.XSHE,平安银行,11400.0,9.18,8.6058,104652.0
2016-11-21,000001.XSHE,平安银行,11400.0,9.24,8.6058,105336.0
2016-11-22,000001.XSHE,平安银行,11400.0,9.36,8.6058,106704.0
2016-11-23,000001.XSHE,平安银行,11400.0,9.45,8.6058,107730.0
2016-11-24,000001.XSHE,平安银行,11400.0,9.47,8.6058,107958.0
2016-11-25,000001.XSHE,平安银行,11400.0,9.62,8.6058,109668.0
2016-11-28,000001.XSHE,平安银行,11400.0,9.63,8.6058,109782.0
2016-11-29,000001.XSHE,平安银行,11400.0,9.62,8.6058,109668.0
2016-11-30,000001.XSHE,平安银行,11400.0,9.55,8.6058,108870.0
2016-12-01,000001.XSHE,平安银行,11400.0,9.6,8.6058,109440.0
