date,cash,transaction_cost,market_value,total_value
2016-06-01,360.352,79.648,99560.0,99920.352
2016-06-02,360.352,0.0,99370.0,99730.352
2016-06-03,360.352,0.0,99750.0,100110.352
2016-06-06,360.352,0.0,99845.0,100205.352
2016-06-07,360.352,0.0,99940.0,100300.352
2016-06-08,360.352,0.0,99750.0,100110.352
2016-06-13,360.352,0.0,98135.0,98495.352
2016-06-14,360.352,0.0,98800.0,99160.352
2016-06-15,360.352,0.0,99180.0,99540.352
2016-06-16,1813.852,0.0,97698.0,99511.852
2016-06-17,1813.852,0.0,97812.0,99625.852
2016-06-20,1813.852,0.0,98040.0,99853.852
2016-06-21,1813.852,0.0,98154.0,99967.852
2016-06-22,1813.852,0.0,99522.0,101335.852
2016-06-23,1813.852,0.0,98724.0,100537.852
2016-06-24,1813.852,0.0,97698.0,99511.852
2016-06-27,1813.852,0.0,98154.0,99967.852
2016-06-28,1813.852,0.0,98382.0,100195.852
2016-06-29,1813.852,0.0,99066.0,100879.852
2016-06-30,1813.852,0.0,99180.0,100993.852
2016-07-01,1813.852,0.0,99294.0,101107.852
2016-07-04,1813.852,0.0,100434.0,102247.852
2016-07-05,1813.852,0.0,100434.0,102247.852
2016-07-06,1813.852,0.0,100206.0,102019.852
2016-07-07,1813.852,0.0,100092.0,101905.852
2016-07-08,1813.852,0.0,99636.0,101449.852
2016-07-11,1813.852,0.0,99750.0,101563.852
2016-07-12,1813.852,0.0,101232.0,103045.852
2016-07-13,1813.852,0.0,102486.0,104299.852
2016-07-14,1813.852,0.0,101916.0,103729.852
2016-07-15,1813.852,0.0,102486.0,104299.852
2016-07-18,1813.852,0.0,103056.0,104869.852
2016-07-19,1813.852,0.0,102258.0,104071.852
2016-07-20,1813.852,0.0,102144.0,103957.852
2016-07-21,1813.852,0.0,102486.0,104299.852
2016-07-22,1813.852,0.0,101916.0,103729.852
2016-07-25,1813.852,0.0,102372.0,104185.852
2016-07-26,1813.852,0.0,103854.0,105667.852
2016-07-27,1813.852,0.0,102714.0,104527.852
2016-07-28,1813.852,0.0,103512.0,105325.852
2016-07-29,1813.852,0.0,104880.0,106693.852
2016-08-01,1813.852,0.0,105792.0,107605.852
2016-08-02,1813.852,0.0,105450.0,107263.852
2016-08-03,1813.852,0.0,104652.0,106465.852
2016-08-04,1813.852,0.0,102486.0,104299.852
2016-08-05,1813.852,0.0,103056.0,104869.852
2016-08-08,1813.852,0.0,103854.0,105667.852
2016-08-09,1813.852,0.0,104310.0,106123.852
2016-08-10,1813.852,0.0,104196.0,106009.852
2016-08-11,1813.852,0.0,105108.0,106921.852
2016-08-12,1813.852,0.0,108300.0,110113.852
2016-08-15,1813.852,0.0,110352.0,112165.852
2016-08-16,1813.852,0.0,108528.0,110341.852
2016-08-17,1813.852,0.0,108870.0,110683.852
2016-08-18,1813.852,0.0,108300.0,110113.852
2016-08-19,1813.852,0.0,108414.0,110227.852
2016-08-22,1813.852,0.0,107160.0,108973.852
2016-08-23,1813.852,0.0,107160.0,108973.852
2016-08-24,1813.852,0.0,107502.0,109315.852
2016-08-25,1813.852,0.0,107616.0,109429.852
2016-08-26,1813.852,0.0,107730.0,109543.852
2016-08-29,1813.852,0.0,107388.0,109201.852
2016-08-30,1813.852,0.0,107958.0,109771.852
2016-08-31,1813.852,0.0,108186.0,109999.852
2016-09-01,1813.852,0.0,107730.0,109543.852
2016-09-02,1813.852,0.0,107730.0,109543.852
2016-09-05,1813.852,0.0,107388.0,109201.852
2016-09-06,1813.852,0.0,107274.0,109087.852
2016-09-07,1813.852,0.0,107160.0,108973.852
2016-09-08,1813.852,0.0,107160.0,108973.852
2016-09-09,1813.852,0.0,106932.0,108745.852
2016-09-12,1813.852,0.0,104424.0,106237.852
2016-09-13,1813.852,0.0,104766.0,106579.852
2016-09-14,1813.852,0.0,103284.0,105097.852
2016-09-19,1813.852,0.0,103968.0,105781.852
2016-09-20,1813.852,0.0,103512.0,105325.852
2016-09-21,1813.852,0.0,103512.0,105325.852
2016-09-22,1813.852,0.0,104424.0,106237.852
2016-09-23,1813.852,0.0,104310.0,106123.852
2016-09-26,1813.852,0.0,103056.0,104869.852
2016-09-27,1813.852,0.0,103284.0,105097.852
2016-09-28,1813.852,0.0,103170.0,104983.852
2016-09-29,1813.852,0.0,103284.0,105097.852
2016-09-30,1813.852,0.0,103398.0,105211.852
2016-10-10,1813.852,0.0,103968.0,105781.852
2016-10-11,1813.852,0.0,104310.0,106123.852
2016-10-12,1813.852,0.0,104082.0,105895.852
2016-10-13,1813.852,0.0,103398.0,105211.852
2016-10-14,1813.852,0.0,103626.0,105439.852
2016-10-17,1813.852,0.0,103170.0,104983.852
2016-10-18,1813.852,0.0,103626.0,105439.852
2016-10-19,1813.852,0.0,103512.0,105325.852
2016-10-20,1813.852,0.0,103398.0,105211.852
2016-10-21,1813.852,0.0,104082.0,105895.852
2016-10-24,1813.852,0.0,105336.0,107149.852
2016-10-25,1813.852,0.0,104994.0,106807.852
2016-10-26,1813.852,0.0,104310.0,106123.852
2016-10-27,1813.852,0.0,104424.0,106237.852
2016-10-28,1813.852,0.0,104538.0,106351.852
2016-10-31,1813.852,0.0,104310.0,106123.852
2016-11-01,1813.852,0.0,104196.0,106009.852
2016-11-02,1813.852,0.0,103398.0,105211.852
2016-11-03,1813.852,0.0,104082.0,105895.852
2016-11-04,1813.852,0.0,103854.0,105667.852
2016-11-07,1813.852,0.0,103968.0,105781.852
2016-11-08,1813.852,0.0,104310.0,106123.852
2016-11-09,1813.852,0.0,103398.0,105211.852
2016-11-10,1813.852,0.0,104196.0,106009.852
2016-11-11,1813.852,0.0,104652.0,106465.852
2016-11-14,1813.852,0.0,105108.0,106921.852
2016-11-15,1813.852,0.0,105222.0,107035.852
2016-11-16,1813.852,0.0,105222.0,107035.852
2016-11-17,1813.852,0.0,104994.0,106807.852
2016-11-18,1813.852,0.0,104652.0,106465.852
2016-11-21,1813.852,0.0,105336.0,107149.852
2016-11-22,1813.852,0.0,106704.0,108517.852
2016-11-23,1813.852,0.0,107730.0,109543.852
2016-11-24,1813.852,0.0,107958.0,109771.852
2016-11-25,1813.852,0.0,109668.0,111481.852
2016-11-28,1813.852,0.0,109782.0,111595.852
2016-11-29,1813.852,0.0,109668.0,111481.852
2016-11-30,1813.852,0.0,108870.0,110683.852
2016-12-01,1813.852,0.0,109440.0,111253.852
