field,BaoStock,AKShare,Tushare_current_account
calendar,AVAILABLE,UNVALIDATED,PERMISSION_DENIED
security_master,AVAILABLE,UNVALIDATED,PERMISSION_DENIED
raw_ohlcv,AVAILABLE,UNVALIDATED,PERMISSION_DENIED
adjustment,PARTIAL,UNVALIDATED,PERMISSION_DENIED
trading_status,PARTIAL,UNVALIDATED,PERMISSION_DENIED
ST_status,AVAILABLE,UNVALIDATED,PERMISSION_DENIED
price_limit,MISSING,UNVALIDATED,PERMISSION_DENIED
market_value,MISSING,UNVALIDATED,PERMISSION_DENIED
industry,AVAILABLE,UNVALIDATED,PERMISSION_DENIED
CSI300_historical_membership,PARTIAL,UNVALIDATED,PERMISSION_DENIED
